Fold,Label,Prob,Preds
1,1,0.40384388,0
1,1,0.4447175,0
1,1,0.43938026,0
1,1,0.45561332,0
1,1,0.3735494,0
1,1,0.38104898,0
1,1,0.37851202,0
1,1,0.3519038,0
1,1,0.3519038,0
1,1,0.39198062,0
1,1,0.34376532,0
1,1,0.37256172,0
1,1,0.3388888,0
1,1,0.4141029,0
1,1,0.3867561,0
1,1,0.40878785,0
1,1,0.38342687,0
1,1,0.36983183,0
1,1,0.33245072,0
1,1,0.38868353,0
1,1,0.32805637,0
1,1,0.2737047,0
1,1,0.31272808,0
1,1,0.36661544,0
1,1,0.3551155,0
1,1,0.41872638,0
1,1,0.38529304,0
1,1,0.38686368,0
1,1,0.35815683,0
1,1,0.36166963,0
1,1,0.5268655,1
1,1,0.49146065,0
1,1,0.49666494,0
1,1,0.4949415,0
1,1,0.5497929,1
1,1,0.45252126,0
1,1,0.40921655,0
1,1,0.41690177,0
1,1,0.39488962,0
1,1,0.40558589,0
1,1,0.5032366,1
1,1,0.45560473,0
1,1,0.44758996,0
1,1,0.3975111,0
1,1,0.41828167,0
1,1,0.40482014,0
1,1,0.4383362,0
1,1,0.415175,0
1,1,0.40573698,0
1,1,0.41652486,0
1,1,0.4774941,0
1,1,0.50055313,1
1,1,0.506926,1
1,0,0.55981797,1
1,0,0.5264343,1
1,0,0.56763786,1
1,0,0.6149379,1
1,0,0.57419217,1
1,0,0.49284136,0
1,0,0.44551703,0
1,0,0.49444875,0
1,0,0.5132587,1
1,0,0.55779696,1
1,0,0.5547972,1
1,0,0.54963404,1
1,0,0.54520637,1
1,0,0.4636144,0
1,0,0.39873037,0
1,0,0.36954024,0
1,0,0.35070178,0
1,0,0.30138695,0
1,0,0.29469702,0
1,0,0.3292943,0
1,0,0.3937688,0
1,0,0.40177387,0
1,0,0.43472564,0
1,0,0.43472564,0
1,0,0.43026295,0
1,0,0.4218509,0
1,0,0.4218509,0
1,0,0.45148766,0
1,0,0.4121805,0
1,0,0.40961397,0
1,0,0.37106338,0
1,0,0.42038393,0
1,0,0.4350907,0
1,0,0.45318425,0
1,0,0.4296321,0
1,0,0.37113917,0
1,0,0.3343192,0
1,0,0.3231335,0
1,0,0.30085078,0
1,0,0.27353138,0
1,0,0.2511607,0
1,0,0.30544612,0
1,0,0.33923522,0
1,0,0.4161214,0
1,0,0.41938505,0
1,0,0.46754497,0
1,0,0.44543353,0
1,0,0.413387,0
1,0,0.4551061,0
1,0,0.41046488,0
1,0,0.5047799,1
1,1,0.23337303,0
1,1,0.24154487,0
1,1,0.2495458,0
1,1,0.22454394,0
1,1,0.22454394,0
1,1,0.19428048,0
1,1,0.20912695,0
1,1,0.25318846,0
1,1,0.21685848,0
1,1,0.24686255,0
1,1,0.25968802,0
1,1,0.25567022,0
1,1,0.25567022,0
1,1,0.29442593,0
1,1,0.28702366,0
1,0,0.5603709,1
1,0,0.5849025,1
1,0,0.5492171,1
1,0,0.5447943,1
1,0,0.5110483,1
1,0,0.49416676,0
1,0,0.47979346,0
1,0,0.40237042,0
1,0,0.3717044,0
1,0,0.38651693,0
1,0,0.43150595,0
1,0,0.40980783,0
1,0,0.39104885,0
1,0,0.36651447,0
1,0,0.35825932,0
1,0,0.3686483,0
1,0,0.33186406,0
1,0,0.2817059,0
1,0,0.30871955,0
1,0,0.3095955,0
1,1,0.29256502,0
1,1,0.29556933,0
1,1,0.34243622,0
1,1,0.3751608,0
1,1,0.38363737,0
1,1,0.34274274,0
1,1,0.36433572,0
1,1,0.33827296,0
1,1,0.38363194,0
1,1,0.3754139,0
1,1,0.32776192,0
1,1,0.35170758,0
1,1,0.44717428,0
1,1,0.3895074,0
1,1,0.41425598,0
1,0,0.23000187,0
1,0,0.20711206,0
1,0,0.1811783,0
1,0,0.184776,0
1,0,0.21187456,0
1,0,0.22346775,0
1,0,0.2524838,0
1,0,0.29849654,0
1,0,0.26943484,0
1,0,0.35336447,0
1,0,0.35336447,0
1,0,0.40556347,0
1,0,0.4122101,0
1,0,0.3976178,0
1,0,0.3849065,0
1,0,0.40942326,0
1,0,0.36327258,0
1,0,0.36327258,0
1,0,0.35499176,0
1,0,0.37604776,0
1,1,0.531036,1
1,1,0.57085055,1
1,1,0.5992797,1
1,1,0.5166325,1
1,1,0.562311,1
1,1,0.58494294,1
1,1,0.6367183,1
1,1,0.6367183,1
1,1,0.623885,1
1,1,0.6373756,1
1,1,0.54254293,1
1,1,0.56824756,1
1,1,0.508496,1
1,1,0.5325683,1
1,1,0.4871006,0
1,0,0.51164657,1
1,0,0.46584925,0
1,0,0.39601332,0
1,0,0.46087757,0
1,0,0.49746573,0
1,0,0.47943553,0
1,0,0.45412815,0
1,0,0.37239686,0
1,0,0.35798606,0
1,0,0.34302658,0
1,0,0.4388757,0
1,0,0.37500948,0
1,0,0.41919222,0
1,0,0.43260005,0
1,0,0.38891932,0
1,0,0.35256067,0
1,0,0.4029658,0
1,0,0.4844358,0
1,0,0.46800047,0
1,0,0.48710334,0
1,1,0.4633469,0
1,1,0.43500897,0
1,1,0.41850764,0
1,1,0.44906563,0
1,1,0.3992075,0
1,1,0.3674188,0
1,1,0.41608837,0
1,1,0.38845083,0
1,1,0.35330147,0
1,1,0.44861537,0
1,1,0.47243428,0
1,1,0.41975015,0
1,1,0.38912866,0
1,1,0.3466816,0
1,1,0.32973507,0
1,0,0.3861197,0
1,0,0.3575854,0
1,0,0.36468047,0
1,0,0.40405002,0
1,0,0.4406956,0
1,0,0.42060375,0
1,0,0.4130113,0
1,0,0.4171919,0
1,0,0.4065889,0
1,0,0.49578208,0
1,0,0.50101805,1
1,0,0.5148036,1
1,0,0.5148036,1
1,0,0.5279983,1
1,0,0.50412834,1
1,0,0.5015111,1
1,0,0.5031466,1
1,0,0.5031466,1
1,0,0.50016224,1
1,0,0.51717633,1
1,0,0.5080545,1
1,0,0.5689782,1
1,0,0.6042371,1
1,0,0.50457525,1
1,0,0.4369877,0
1,0,0.4369877,0
1,0,0.42348137,0
1,0,0.3999833,0
1,0,0.3460538,0
1,0,0.31195197,0
1,0,0.3872132,0
1,0,0.41402933,0
1,0,0.44733086,0
1,0,0.5048457,1
1,0,0.52851695,1
1,0,0.5689826,1
1,0,0.4477503,0
1,0,0.35647193,0
1,0,0.43144405,0
1,0,0.50819623,1
1,0,0.27383435,0
1,0,0.28998336,0
1,0,0.32885075,0
1,0,0.3584398,0
1,0,0.3537517,0
1,0,0.29862708,0
1,0,0.30108985,0
1,0,0.3026032,0
1,0,0.34033737,0
1,0,0.34033737,0
1,0,0.40311542,0
1,0,0.40565175,0
1,0,0.36778125,0
1,0,0.40320563,0
1,0,0.45348728,0
1,0,0.48152286,0
1,0,0.48152286,0
1,0,0.41948292,0
1,0,0.40384388,0
1,1,0.40384388,0
1,1,0.4447175,0
1,1,0.43938026,0
1,1,0.45561332,0
1,1,0.3735494,0
1,1,0.38104898,0
1,1,0.37851202,0
1,1,0.3519038,0
1,1,0.3519038,0
1,1,0.39198062,0
1,1,0.34376532,0
1,1,0.37256172,0
1,1,0.3388888,0
1,1,0.4141029,0
1,1,0.3867561,0
1,1,0.40878785,0
1,1,0.38342687,0
1,1,0.36983183,0
1,1,0.33245072,0
1,1,0.38868353,0
1,1,0.32805637,0
1,1,0.2737047,0
1,1,0.31272808,0
1,1,0.36661544,0
1,1,0.3551155,0
1,1,0.41872638,0
1,1,0.38529304,0
1,1,0.38686368,0
1,1,0.35815683,0
1,1,0.36166963,0
1,1,0.30838642,0
1,1,0.27380282,0
1,1,0.31684706,0
1,1,0.25463223,0
1,1,0.25463223,0
1,1,0.31095004,0
1,1,0.2666846,0
1,1,0.28209293,0
1,1,0.27526584,0
1,1,0.2666846,0
1,1,0.26222384,0
1,1,0.26222384,0
1,1,0.25110185,0
1,1,0.30489132,0
1,1,0.30489132,0
1,1,0.4620927,0
1,1,0.39736313,0
1,1,0.38220552,0
1,1,0.3216719,0
1,1,0.30988595,0
1,1,0.36560133,0
1,1,0.39740083,0
1,1,0.41125682,0
1,1,0.41444847,0
1,1,0.44051757,0
1,1,0.37729225,0
1,1,0.4265818,0
1,1,0.4432037,0
1,1,0.40750974,0
1,1,0.47225356,0
1,1,0.48377523,0
1,1,0.5622797,1
1,1,0.5781843,1
1,1,0.63126606,1
1,1,0.63126606,1
1,1,0.6103732,1
1,1,0.51981235,1
1,1,0.51190627,1
1,1,0.4185947,0
1,1,0.3910809,0
1,1,0.44854018,0
1,1,0.45871976,0
1,1,0.39555752,0
1,1,0.40536955,0
1,1,0.3871862,0
1,1,0.42224672,0
1,1,0.3440979,0
1,1,0.384101,0
1,1,0.34783182,0
1,0,0.28344202,0
1,0,0.28866062,0
1,0,0.239367,0
1,0,0.24251479,0
1,0,0.23506238,0
1,0,0.20895422,0
1,0,0.21770924,0
1,0,0.24730743,0
1,0,0.26520857,0
1,0,0.24513929,0
1,0,0.23056759,0
1,0,0.2743979,0
1,0,0.31239828,0
1,0,0.31129926,0
1,0,0.30594292,0
1,0,0.2859434,0
1,0,0.27400738,0
1,0,0.34662768,0
1,0,0.34528625,0
1,0,0.34528625,0
1,0,0.34528625,0
1,0,0.38968238,0
1,0,0.35488,0
1,0,0.32762873,0
1,0,0.34917736,0
1,0,0.32762873,0
1,0,0.33319443,0
1,0,0.36723304,0
1,0,0.37800744,0
1,0,0.34111795,0
1,0,0.38669738,0
1,0,0.38091952,0
1,0,0.3667956,0
1,0,0.37660816,0
1,0,0.3920805,0
1,0,0.4149007,0
1,0,0.42012212,0
1,0,0.49147427,0
1,0,0.5171788,1
1,0,0.22454394,0
1,0,0.22454394,0
1,0,0.19428048,0
1,0,0.20912695,0
1,0,0.22549172,0
1,0,0.19195306,0
1,0,0.22001235,0
1,0,0.2803017,0
1,0,0.27530798,0
1,0,0.27530798,0
1,0,0.31634948,0
1,0,0.30955812,0
1,0,0.33908433,0
1,0,0.36525512,0
1,0,0.30767736,0
1,1,0.33768305,0
1,1,0.3513214,0
1,1,0.42904603,0
1,1,0.41846386,0
1,1,0.39480242,0
1,1,0.47695422,0
1,1,0.5094324,1
1,0,0.22454394,0
1,0,0.22454394,0
1,0,0.19428048,0
1,0,0.20912695,0
1,0,0.25318846,0
1,0,0.21685848,0
1,0,0.24686255,0
1,0,0.25968802,0
1,0,0.25567022,0
1,0,0.25567022,0
1,0,0.29442593,0
1,0,0.28702366,0
1,0,0.3137582,0
1,0,0.3389624,0
1,0,0.2821651,0
1,0,0.30661434,0
1,0,0.32174945,0
1,0,0.39450318,0
1,0,0.379797,0
1,0,0.31817192,0
1,0,0.38203707,0
1,1,0.6729208,1
1,1,0.6391285,1
1,1,0.7005086,1
1,1,0.71487606,1
1,1,0.675067,1
1,1,0.66828996,1
1,1,0.64916116,1
1,1,0.59332657,1
1,1,0.59332657,1
1,1,0.4146369,0
1,1,0.41826087,0
1,1,0.44685024,0
1,1,0.47189483,0
1,1,0.5093372,1
1,1,0.55204666,1
1,1,0.4556055,0
1,1,0.5067201,1
1,1,0.47482035,0
1,1,0.4529129,0
1,1,0.515202,1
1,1,0.515202,1
1,1,0.48655903,0
1,1,0.48655903,0
1,1,0.5838581,1
1,1,0.5838581,1
1,1,0.57832867,1
1,1,0.56413627,1
1,1,0.55757505,1
1,1,0.5321153,1
1,1,0.43856904,0
1,1,0.46709695,0
1,1,0.43286672,0
1,1,0.35217926,0
1,1,0.3712247,0
1,1,0.32218954,0
1,1,0.30992654,0
1,1,0.33244976,0
1,1,0.3549606,0
1,1,0.38044208,0
1,1,0.5053908,1
1,1,0.44963226,0
1,1,0.51174736,1
1,1,0.53923154,1
1,1,0.5562089,1
1,1,0.5671464,1
1,1,0.5261623,1
1,1,0.54286397,1
1,1,0.54286397,1
1,1,0.49347606,0
1,1,0.52259266,1
1,1,0.4535262,0
1,1,0.470653,0
1,1,0.48659432,0
1,1,0.46696687,0
1,1,0.46374333,0
1,1,0.48117107,0
1,1,0.42271385,0
1,1,0.411215,0
1,1,0.39249352,0
1,1,0.43416408,0
1,1,0.44883674,0
1,1,0.43526238,0
1,1,0.41598308,0
1,1,0.3667481,0
1,1,0.40648082,0
1,1,0.3504292,0
1,1,0.4470706,0
1,1,0.48929355,0
1,1,0.51464766,1
1,1,0.5199177,1
1,1,0.5346989,1
1,1,0.5360819,1
1,1,0.5727405,1
1,1,0.61774063,1
1,1,0.6206599,1
1,1,0.64711887,1
1,1,0.5502462,1
1,1,0.47294447,0
1,1,0.46227014,0
1,1,0.4873653,0
1,1,0.5551434,1
1,1,0.57354194,1
1,1,0.50602496,1
1,1,0.44126898,0
1,1,0.45136324,0
1,1,0.43259224,0
1,1,0.4632043,0
1,1,0.38767743,0
1,1,0.44015303,0
1,1,0.40061274,0
1,1,0.37353936,0
1,1,0.36850932,0
1,1,0.404908,0
1,1,0.3865953,0
1,1,0.44550848,0
1,1,0.44550848,0
1,1,0.39366636,0
1,1,0.4293066,0
1,1,0.39366636,0
1,1,0.41020367,0
1,1,0.45189306,0
1,1,0.47395685,0
1,1,0.48291382,0
1,1,0.46071726,0
1,1,0.46071726,0
1,1,0.47530055,0
1,1,0.5129288,1
1,1,0.5238681,1
1,1,0.5512168,1
1,1,0.46764773,0
1,1,0.4971251,0
1,1,0.5825344,1
1,1,0.39740193,0
1,1,0.40004048,0
1,1,0.40004048,0
1,1,0.38115278,0
1,1,0.38115278,0
1,1,0.38301265,0
1,1,0.37179726,0
1,1,0.30046058,0
1,1,0.25549248,0
1,1,0.24902622,0
1,1,0.29639834,0
1,1,0.3150795,0
1,1,0.27617714,0
1,1,0.28295714,0
1,1,0.3204808,0
1,1,0.50402904,1
1,1,0.50402904,1
1,1,0.50358206,1
1,1,0.47250056,0
1,1,0.48967823,0
1,1,0.5474199,1
1,1,0.52094185,1
1,1,0.47025064,0
1,1,0.54053205,1
1,1,0.51856405,1
1,1,0.5117914,1
1,1,0.5117914,1
1,1,0.45618123,0
1,1,0.45618123,0
1,1,0.47388953,0
1,1,0.3847419,0
1,1,0.3989937,0
1,1,0.40787548,0
1,1,0.40690467,0
1,1,0.4390763,0
1,1,0.46051446,0
1,1,0.48042738,0
1,1,0.49403408,0
1,1,0.4685028,0
1,1,0.4893959,0
1,1,0.492398,0
1,1,0.51797926,1
1,1,0.4971258,0
1,1,0.5191281,1
1,1,0.36316958,0
1,1,0.35598016,0
1,1,0.39434728,0
1,1,0.41505685,0
1,1,0.45337388,0
1,1,0.43620872,0
1,1,0.47413856,0
1,1,0.44807494,0
1,1,0.47489274,0
1,1,0.4371126,0
1,1,0.4159455,0
1,1,0.4159455,0
1,1,0.47286266,0
1,1,0.47286266,0
1,1,0.49229383,0
1,1,0.54634637,1
1,1,0.51999646,1
1,1,0.38542885,0
1,1,0.35524455,0
1,1,0.33892587,0
1,1,0.32520717,0
1,1,0.29009444,0
1,1,0.29009444,0
1,1,0.24534087,0
1,1,0.24925338,0
1,1,0.2651923,0
1,1,0.2214734,0
1,1,0.2918377,0
1,1,0.28891468,0
1,1,0.2442513,0
1,1,0.25227123,0
1,1,0.27052122,0
1,1,0.23951711,0
1,1,0.2852549,0
1,1,0.28754064,0
1,1,0.34376156,0
1,1,0.39016995,0
1,1,0.39693704,0
1,1,0.47586972,0
1,1,0.4884373,0
1,1,0.48924592,0
2,0,0.45127967,0
2,0,0.45127967,0
2,0,0.5205111,1
2,0,0.52251107,1
2,0,0.52251107,1
2,0,0.5412565,1
2,0,0.5721595,1
2,0,0.57372856,1
2,0,0.62523186,1
2,0,0.6663526,1
2,0,0.5881778,1
2,0,0.537758,1
2,0,0.4464483,0
2,0,0.65508443,1
2,0,0.6583991,1
2,0,0.6736048,1
2,0,0.609112,1
2,0,0.63712627,1
2,0,0.6875799,1
2,0,0.670042,1
2,0,0.66376084,1
2,0,0.67355734,1
2,0,0.6278312,1
2,0,0.65874654,1
2,0,0.66634065,1
2,0,0.66634065,1
2,1,0.20943937,0
2,1,0.28387213,0
2,1,0.28470942,0
2,1,0.3756984,0
2,1,0.3383444,0
2,1,0.36363167,0
2,1,0.44652888,0
2,1,0.40163627,0
2,1,0.3681319,0
2,1,0.27748868,0
2,1,0.24277778,0
2,1,0.33455366,0
2,1,0.29661927,0
2,1,0.2246941,0
2,1,0.23158096,0
2,0,0.30445313,0
2,0,0.20869094,0
2,0,0.20485345,0
2,0,0.2190842,0
2,0,0.21376176,0
2,0,0.21376176,0
2,0,0.20591405,0
2,0,0.23238935,0
2,0,0.31110433,0
2,0,0.432076,0
2,0,0.4662066,0
2,1,0.7106439,1
2,1,0.7106439,1
2,1,0.660256,1
2,1,0.57374823,1
2,1,0.57352483,1
2,1,0.47383186,0
2,1,0.45989254,0
2,1,0.5935411,1
2,1,0.43340027,0
2,1,0.4806234,0
2,1,0.43599978,0
2,1,0.37125906,0
2,1,0.37125906,0
2,1,0.33350554,0
2,1,0.31494865,0
2,1,0.29563758,0
2,1,0.25902152,0
2,1,0.35062537,0
2,1,0.4000143,0
2,1,0.33766133,0
2,1,0.2954821,0
2,1,0.3122459,0
2,1,0.35935977,0
2,1,0.4628133,0
2,1,0.52811587,1
2,1,0.5394621,1
2,1,0.47632965,0
2,1,0.57217014,1
2,1,0.51919305,1
2,1,0.4938652,0
2,1,0.48534822,0
2,1,0.48978904,0
2,1,0.4875601,0
2,1,0.46246988,0
2,1,0.42580616,0
2,1,0.3436878,0
2,1,0.40996304,0
2,1,0.41422367,0
2,1,0.45761463,0
2,0,0.29510534,0
2,0,0.21075682,0
2,0,0.22490005,0
2,0,0.20923205,0
2,0,0.21842602,0
2,0,0.2021967,0
2,0,0.21379933,0
2,0,0.2005901,0
2,0,0.19459154,0
2,0,0.24805477,0
2,0,0.31566408,0
2,0,0.31066716,0
2,0,0.39521328,0
2,0,0.42884055,0
2,0,0.5558206,1
2,0,0.49057698,0
2,0,0.50149035,1
2,0,0.47140005,0
2,0,0.430747,0
2,0,0.37750193,0
2,0,0.32680598,0
2,0,0.32680598,0
2,0,0.38132888,0
2,0,0.38600096,0
2,0,0.40973723,0
2,0,0.45186558,0
2,0,0.4055554,0
2,0,0.40367162,0
2,0,0.4321263,0
2,0,0.39565718,0
2,0,0.35548434,0
2,0,0.35548434,0
2,0,0.2938238,0
2,0,0.5883533,1
2,0,0.5821576,1
2,0,0.64534384,1
2,0,0.6634617,1
2,0,0.60936576,1
2,0,0.5759576,1
2,0,0.5925228,1
2,0,0.6734151,1
2,0,0.6346354,1
2,0,0.6054091,1
2,0,0.6411495,1
2,0,0.5750982,1
2,0,0.560383,1
2,0,0.6219054,1
2,0,0.62956303,1
2,0,0.6315018,1
2,0,0.59930813,1
2,0,0.53023684,1
2,0,0.52010596,1
2,0,0.57593614,1
2,0,0.49846756,0
2,0,0.50682175,1
2,0,0.49270713,0
2,0,0.54845506,1
2,0,0.6007416,1
2,0,0.5495567,1
2,0,0.62869084,1
2,0,0.54526114,1
2,0,0.53531194,1
2,0,0.4553482,0
2,0,0.38007295,0
2,0,0.40852895,0
2,0,0.44397202,0
2,1,0.4260428,0
2,1,0.41437736,0
2,1,0.4303041,0
2,1,0.35689777,0
2,1,0.38198695,0
2,1,0.36032462,0
2,0,0.277309,0
2,0,0.23985115,0
2,0,0.16770232,0
2,0,0.19935982,0
2,0,0.16292538,0
2,0,0.18806034,0
2,0,0.26466292,0
2,0,0.26466292,0
2,0,0.26400307,0
2,0,0.21182501,0
2,0,0.21239424,0
2,0,0.24829854,0
2,0,0.28539976,0
2,0,0.2732454,0
2,0,0.29034606,0
2,0,0.56669474,1
2,0,0.6183377,1
2,0,0.6514829,1
2,0,0.61296076,1
2,0,0.5824069,1
2,0,0.60678303,1
2,0,0.68459004,1
2,0,0.6692622,1
2,0,0.6487449,1
2,0,0.61487097,1
2,0,0.6161119,1
2,0,0.6472118,1
2,1,0.6495579,1
2,1,0.5658305,1
2,1,0.5922329,1
2,1,0.5922329,1
2,1,0.5565781,1
2,1,0.54504627,1
2,1,0.5694997,1
2,1,0.6014411,1
2,1,0.61088496,1
2,0,0.61088496,1
2,0,0.649894,1
2,0,0.6356947,1
2,0,0.65507215,1
2,0,0.5999249,1
2,0,0.5999249,1
2,0,0.5992542,1
2,0,0.6495978,1
2,0,0.6266558,1
2,0,0.5958079,1
2,0,0.66504216,1
2,0,0.6625211,1
2,0,0.6259972,1
2,0,0.6270075,1
2,0,0.6070004,1
2,0,0.6070004,1
2,0,0.60018677,1
2,0,0.6257765,1
2,0,0.65994877,1
2,0,0.6824001,1
2,0,0.6146333,1
2,0,0.6352749,1
2,0,0.64010483,1
2,0,0.6209347,1
2,0,0.65463465,1
2,0,0.6171852,1
2,0,0.57767016,1
2,0,0.5825402,1
2,0,0.5513752,1
2,0,0.493576,0
2,0,0.4843114,0
2,0,0.4481693,0
2,0,0.3802185,0
2,0,0.33876306,0
2,0,0.38002345,0
2,0,0.47502524,0
2,0,0.46363896,0
2,0,0.49630433,0
2,0,0.49630433,0
2,0,0.468021,0
2,0,0.48219317,0
2,0,0.48219317,0
2,0,0.4438236,0
2,0,0.48876128,0
2,0,0.56189644,1
2,1,0.49980092,0
2,1,0.437823,0
2,1,0.41898322,0
2,1,0.41898322,0
2,1,0.41221115,0
2,1,0.37177008,0
2,1,0.29210165,0
2,1,0.29842818,0
2,1,0.2969845,0
2,1,0.2969845,0
2,1,0.21669324,0
2,1,0.19658314,0
2,1,0.19288157,0
2,1,0.19880071,0
2,1,0.15897934,0
2,1,0.18159421,0
2,1,0.21816342,0
2,1,0.30413955,0
2,0,0.30719253,0
2,0,0.3289821,0
2,0,0.42886388,0
2,0,0.5451209,1
2,0,0.53932524,1
2,0,0.51606256,1
2,0,0.5446,1
2,0,0.5975417,1
2,0,0.66961026,1
2,0,0.6293636,1
2,0,0.60895634,1
2,0,0.69222313,1
2,0,0.728673,1
2,0,0.7687775,1
2,0,0.7546841,1
2,0,0.79139715,1
2,0,0.79194915,1
2,0,0.65615207,1
2,0,0.6840708,1
2,0,0.6300016,1
2,0,0.6008573,1
2,0,0.5571383,1
2,0,0.5838222,1
2,0,0.55942523,1
2,0,0.5919695,1
2,0,0.5919523,1
2,0,0.46001965,0
2,0,0.41805342,0
2,0,0.40645188,0
2,0,0.34738877,0
2,0,0.34718925,0
2,0,0.34514266,0
2,0,0.42250857,0
2,0,0.39434263,0
2,0,0.42252323,0
2,0,0.46570677,0
2,1,0.5086175,1
2,1,0.4833395,0
2,1,0.48436522,0
2,1,0.5341052,1
2,1,0.43946293,0
2,1,0.5456788,1
2,1,0.58689654,1
2,1,0.60710317,1
2,1,0.63601637,1
2,0,0.63808304,1
2,0,0.58535045,1
2,0,0.56800085,1
2,0,0.56800085,1
2,0,0.5647559,1
2,0,0.6056838,1
2,0,0.532887,1
2,0,0.532887,1
2,0,0.4980543,0
2,0,0.38852334,0
2,0,0.442419,0
2,0,0.43930498,0
2,1,0.43930498,0
2,1,0.35718805,0
2,1,0.39620173,0
2,1,0.39515334,0
2,1,0.4336054,0
2,1,0.4625345,0
2,1,0.4125207,0
2,1,0.365105,0
2,1,0.365105,0
2,1,0.45114738,0
2,1,0.44343436,0
2,1,0.45114738,0
2,1,0.5466897,1
2,1,0.5466897,1
2,1,0.53371197,1
2,1,0.43362927,0
2,1,0.41365203,0
2,1,0.42783764,0
2,0,0.34181923,0
2,0,0.30274266,0
2,0,0.30274266,0
2,0,0.3279161,0
2,0,0.34449837,0
2,0,0.33875003,0
2,0,0.2950953,0
2,0,0.2950953,0
2,0,0.25200826,0
2,0,0.26292852,0
2,0,0.29650506,0
2,0,0.27740195,0
2,1,0.29439336,0
2,1,0.34689438,0
2,1,0.30616117,0
2,1,0.30616117,0
2,1,0.32988337,0
2,1,0.32644483,0
2,1,0.34223437,0
2,1,0.34632215,0
2,1,0.2662169,0
2,1,0.29595023,0
2,1,0.34329283,0
2,1,0.43579528,0
2,1,0.4271841,0
2,1,0.43015483,0
2,1,0.38359204,0
2,1,0.4637808,0
2,1,0.20943937,0
2,1,0.28387213,0
2,1,0.28470942,0
2,1,0.3756984,0
2,1,0.3383444,0
2,1,0.36363167,0
2,1,0.44652888,0
2,1,0.40163627,0
2,1,0.3681319,0
2,1,0.27748868,0
2,1,0.24277778,0
2,1,0.33455366,0
2,1,0.29661927,0
2,1,0.2246941,0
2,1,0.51328623,1
2,1,0.52462906,1
2,1,0.5289144,1
2,1,0.5215047,1
2,1,0.48828083,0
2,1,0.5013056,1
2,1,0.50649357,1
2,1,0.4861395,0
2,1,0.4373712,0
2,1,0.4840055,0
2,1,0.48827302,0
2,1,0.5408083,1
2,1,0.5114446,1
2,1,0.46916255,0
2,1,0.5050252,1
2,1,0.44460824,0
2,1,0.44460824,0
2,1,0.37383696,0
2,1,0.33391556,0
2,1,0.2508107,0
2,1,0.34416658,0
2,1,0.37239876,0
2,1,0.2879785,0
2,1,0.23813061,0
2,1,0.2717509,0
2,1,0.33066484,0
2,1,0.33066484,0
2,1,0.42346102,0
2,1,0.4542531,0
2,1,0.44456902,0
2,1,0.4328959,0
2,1,0.53007144,1
2,1,0.6143106,1
2,1,0.5821634,1
2,1,0.6243348,1
2,1,0.60779613,1
2,1,0.5817576,1
2,1,0.6819112,1
2,1,0.71071154,1
2,1,0.61503536,1
2,1,0.56101173,1
2,1,0.5401375,1
2,1,0.61022145,1
2,1,0.611001,1
2,1,0.61264324,1
2,1,0.6418197,1
2,1,0.6512339,1
2,1,0.63918495,1
2,1,0.63737196,1
2,1,0.6530249,1
2,1,0.62563187,1
2,1,0.5859674,1
2,1,0.486286,0
2,1,0.47992557,0
2,1,0.47992557,0
2,1,0.5429169,1
2,1,0.57879275,1
2,1,0.57788783,1
2,1,0.55263734,1
2,1,0.4867293,0
2,1,0.49576017,0
2,1,0.45934033,0
2,1,0.45934033,0
2,1,0.47124037,0
2,1,0.45940107,0
2,1,0.77450854,1
2,1,0.7483086,1
2,1,0.7283998,1
2,1,0.7131682,1
2,1,0.74525726,1
2,1,0.6753485,1
2,1,0.55011463,1
2,1,0.46718496,0
2,1,0.5187011,1
2,1,0.4676837,0
2,1,0.4425811,0
2,1,0.44566548,0
2,1,0.44745582,0
2,1,0.43621612,0
2,1,0.42516825,0
2,1,0.41266468,0
2,1,0.4528574,0
2,1,0.49999115,0
2,1,0.5192661,1
2,1,0.4279782,0
2,1,0.44534388,0
2,1,0.49843717,0
2,1,0.49843717,0
2,1,0.4464672,0
3,1,0.43571836,0
3,1,0.36926988,0
3,1,0.39484835,0
3,1,0.34312245,0
3,1,0.3551957,0
3,1,0.36540344,0
3,1,0.37591082,0
3,1,0.38077393,0
3,1,0.30301073,0
3,1,0.26274756,0
3,1,0.23747113,0
3,1,0.22287863,0
3,1,0.22287863,0
3,1,0.2887303,0
3,1,0.36489958,0
3,1,0.38532996,0
3,1,0.43488106,0
3,1,0.4412148,0
3,1,0.4594397,0
3,0,0.43113786,0
3,0,0.47486997,0
3,0,0.49866968,0
3,0,0.5197995,1
3,0,0.5898042,1
3,0,0.6747247,1
3,0,0.7059393,1
3,0,0.6953328,1
3,0,0.66218644,1
3,0,0.58874124,1
3,0,0.5188774,1
3,0,0.4891429,0
3,0,0.49652877,0
3,0,0.51442885,1
3,0,0.5477378,1
3,0,0.64203006,1
3,0,0.5938285,1
3,0,0.58636993,1
3,0,0.5785483,1
3,0,0.55895925,1
3,0,0.5076004,1
3,0,0.5112083,1
3,0,0.56636846,1
3,1,0.5902681,1
3,1,0.64432055,1
3,1,0.64432055,1
3,1,0.6938042,1
3,1,0.6852104,1
3,1,0.6431633,1
3,1,0.64089316,1
3,1,0.59314597,1
3,1,0.5867322,1
3,1,0.5333805,1
3,1,0.48387405,0
3,1,0.4469061,0
3,1,0.42915234,0
3,1,0.41211703,0
3,1,0.3935454,0
3,1,0.40498248,0
3,1,0.35940018,0
3,1,0.34607428,0
3,1,0.3692377,0
3,0,0.36918697,0
3,0,0.3785719,0
3,0,0.4046468,0
3,0,0.4046468,0
3,0,0.40549767,0
3,0,0.43474668,0
3,0,0.4778198,0
3,0,0.5073064,1
3,0,0.52789533,1
3,1,0.5468741,1
3,1,0.4865333,0
3,1,0.4452007,0
3,1,0.48989448,0
3,1,0.48989448,0
3,1,0.44828892,0
3,1,0.41533494,0
3,1,0.41230085,0
3,1,0.34075427,0
3,1,0.34202796,0
3,1,0.31197903,0
3,1,0.2871696,0
3,1,0.2960231,0
3,1,0.311144,0
3,1,0.34278765,0
3,1,0.3549329,0
3,1,0.3582074,0
3,1,0.37100008,0
3,1,0.3211305,0
3,0,0.3211305,0
3,0,0.36714888,0
3,0,0.40033254,0
3,0,0.40033254,0
3,0,0.42198142,0
3,0,0.38920677,0
3,0,0.42859614,0
3,0,0.42859614,0
3,0,0.44463986,0
3,0,0.5154956,1
3,0,0.50655335,1
3,0,0.56308085,1
3,0,0.5627384,1
3,0,0.54595315,1
3,0,0.5961339,1
3,0,0.60331404,1
3,0,0.55604,1
3,0,0.5709331,1
3,0,0.54920626,1
3,0,0.51548016,1
3,0,0.50294816,1
3,0,0.4701718,0
3,0,0.44807336,0
3,0,0.43774524,0
3,0,0.4436643,0
3,0,0.3934491,0
3,0,0.344403,0
3,0,0.39201334,0
3,0,0.4402261,0
3,0,0.42964396,0
3,0,0.40633184,0
3,0,0.4368795,0
3,0,0.27253228,0
3,0,0.31170216,0
3,0,0.33533093,0
3,0,0.34653902,0
3,0,0.36351278,0
3,0,0.38627023,0
3,0,0.38627023,0
3,0,0.3881719,0
3,0,0.39457336,0
3,0,0.2901211,0
3,0,0.30277258,0
3,0,0.3413128,0
3,0,0.34515563,0
3,0,0.34505114,0
3,0,0.34795478,0
3,0,0.38585737,0
3,0,0.3555391,0
3,0,0.33112788,0
3,0,0.3776375,0
3,0,0.38634264,0
3,0,0.41596735,0
3,0,0.39431924,0
3,0,0.4427082,0
3,0,0.49330175,0
3,0,0.4842811,0
3,0,0.46203437,0
3,0,0.43001357,0
3,0,0.4296821,0
3,0,0.49135658,0
3,0,0.5224109,1
3,0,0.51443774,1
3,0,0.5023043,1
3,0,0.5338623,1
3,0,0.4809292,0
3,0,0.5073624,1
3,0,0.45713484,0
3,0,0.45713484,0
3,0,0.46794075,0
3,0,0.39152476,0
3,0,0.3918563,0
3,0,0.42394954,0
3,0,0.42394954,0
3,0,0.42804587,0
3,0,0.36299205,0
3,0,0.31082866,0
3,0,0.29616445,0
3,0,0.34695238,0
3,0,0.3431104,0
3,0,0.3431104,0
3,0,0.31662408,0
3,0,0.34982964,0
3,0,0.34982964,0
3,0,0.34210083,0
3,0,0.3935322,0
3,0,0.43564892,0
3,0,0.4669726,0
3,0,0.44332233,0
3,0,0.4167792,0
3,0,0.41929218,0
3,0,0.41929218,0
3,0,0.37323356,0
3,0,0.36244944,0
3,0,0.4170407,0
3,0,0.46877888,0
3,0,0.52354014,1
3,0,0.5358943,1
3,0,0.5592744,1
3,0,0.53547096,1
3,0,0.5275571,1
3,0,0.44187558,0
3,0,0.40745434,0
3,0,0.43552476,0
3,0,0.4246851,0
3,0,0.41008824,0
3,0,0.40874752,0
3,0,0.4429631,0
3,0,0.40893745,0
3,0,0.38618165,0
3,0,0.3566036,0
3,0,0.29183495,0
3,0,0.27177593,0
3,0,0.24436972,0
3,0,0.24385048,0
3,0,0.24385048,0
3,0,0.28275904,0
3,0,0.25762847,0
3,0,0.24227439,0
3,0,0.24423748,0
3,0,0.23755172,0
3,0,0.25778833,0
3,0,0.29427543,0
3,0,0.32372132,0
3,0,0.31657106,0
3,0,0.33614543,0
3,0,0.33614543,0
3,0,0.37696254,0
3,0,0.4299988,0
3,0,0.4299988,0
3,0,0.382334,0
3,0,0.38455915,0
3,1,0.41514656,0
3,1,0.42695108,0
3,1,0.40554538,0
3,1,0.45140797,0
3,1,0.42858475,0
3,1,0.38538688,0
3,1,0.38538688,0
3,1,0.35033745,0
3,1,0.33616227,0
3,1,0.35167667,0
3,1,0.33037785,0
3,1,0.2844483,0
3,1,0.30152166,0
3,1,0.36777657,0
3,1,0.36746722,0
3,1,0.33912718,0
3,1,0.34756345,0
3,1,0.3743962,0
3,1,0.3533182,0
3,1,0.38583764,0
3,1,0.37164775,0
3,1,0.35038623,0
3,1,0.4071201,0
3,1,0.38570008,0
3,1,0.41090676,0
3,1,0.35994974,0
3,1,0.40639338,0
3,1,0.40017444,0
3,0,0.35742533,0
3,0,0.33211467,0
3,0,0.3832633,0
3,0,0.37986332,0
3,0,0.3654509,0
3,0,0.34539795,0
3,0,0.32989234,0
3,0,0.33173513,0
3,0,0.34186962,0
3,0,0.34186962,0
3,0,0.33827794,0
3,0,0.33341825,0
3,0,0.37099153,0
3,0,0.33034164,0
3,0,0.3415279,0
3,0,0.36150578,0
3,0,0.35235572,0
3,0,0.3455616,0
3,0,0.31548986,0
3,0,0.32973197,0
3,0,0.37665343,0
3,0,0.35640582,0
3,0,0.36827174,0
3,0,0.38937962,0
3,0,0.3888268,0
3,0,0.36943206,0
3,0,0.38991645,0
3,0,0.3982778,0
3,0,0.3957276,0
3,0,0.3957276,0
3,0,0.39205608,0
3,0,0.3984328,0
3,0,0.38588503,0
3,0,0.39683217,0
3,0,0.44226137,0
3,0,0.45149517,0
3,0,0.45149517,0
3,0,0.43353733,0
3,0,0.3998742,0
3,0,0.40166304,0
3,0,0.45014307,0
3,0,0.48288587,0
3,0,0.47715613,0
3,0,0.5178987,1
3,0,0.48415208,0
3,0,0.45579964,0
3,0,0.5052853,1
3,0,0.4936781,0
3,0,0.4936781,0
3,0,0.44624737,0
3,0,0.43259162,0
3,0,0.46742356,0
3,0,0.4281913,0
3,0,0.4281913,0
3,0,0.39334258,0
3,0,0.35608935,0
3,0,0.2978877,0
3,0,0.26203626,0
3,0,0.23372407,0
3,0,0.22971359,0
3,0,0.24949476,0
3,0,0.22854744,0
3,0,0.21862172,0
3,0,0.20925684,0
3,0,0.21862172,0
3,0,0.2499633,0
3,0,0.2499633,0
3,0,0.27869773,0
3,0,0.31120396,0
3,0,0.3133029,0
3,0,0.34560937,0
3,0,0.32508174,0
3,0,0.32508174,0
3,0,0.32508174,0
3,0,0.32508174,0
3,0,0.31041405,0
3,0,0.32508615,0
3,0,0.31888342,0
3,0,0.375147,0
3,0,0.36055866,0
3,0,0.29768693,0
3,0,0.2650422,0
3,0,0.2935127,0
3,0,0.30629426,0
3,0,0.31360245,0
3,0,0.2753073,0
3,0,0.3210718,0
3,0,0.36554477,0
3,0,0.37410372,0
3,0,0.35469306,0
3,0,0.37578073,0
3,0,0.34663925,0
3,0,0.36303568,0
3,0,0.34255537,0
3,0,0.3722758,0
3,0,0.36779758,0
3,0,0.36630154,0
3,0,0.31453684,0
3,0,0.27811137,0
3,0,0.2625671,0
3,0,0.30018175,0
3,0,0.3194682,0
3,0,0.31444347,0
3,0,0.30731505,0
3,0,0.35056886,0
3,0,0.31326172,0
3,0,0.34393057,0
3,0,0.37285852,0
3,0,0.3484665,0
3,0,0.31903866,0
3,0,0.36280718,0
3,0,0.37966818,0
3,0,0.40688112,0
3,0,0.41955197,0
3,0,0.46921325,0
3,0,0.48183343,0
3,0,0.4111491,0
3,0,0.3706296,0
3,0,0.36854386,0
3,0,0.32330084,0
3,0,0.33914864,0
3,0,0.36543706,0
3,0,0.32116386,0
3,0,0.3368063,0
3,0,0.38226357,0
3,0,0.33886933,0
3,0,0.33033994,0
3,0,0.35856423,0
3,0,0.32621062,0
3,0,0.29249078,0
3,0,0.26817772,0
3,0,0.26095966,0
3,0,0.26095966,0
3,0,0.26114064,0
3,0,0.294465,0
3,1,0.31111738,0
3,1,0.2633976,0
3,1,0.32311893,0
3,1,0.29016823,0
3,1,0.26280206,0
3,1,0.29995602,0
3,1,0.29328665,0
3,1,0.24775338,0
3,1,0.27999648,0
3,1,0.27999648,0
3,1,0.28612655,0
3,1,0.32066378,0
3,1,0.35595018,0
3,1,0.35503188,0
3,1,0.32513204,0
3,1,0.32513204,0
3,1,0.3603008,0
3,1,0.31412786,0
3,1,0.33067545,0
3,0,0.37706876,0
3,0,0.33013892,0
3,0,0.33077508,0
3,0,0.33077508,0
3,0,0.30223015,0
3,0,0.33013892,0
3,0,0.3075691,0
3,0,0.3031173,0
3,0,0.3096313,0
3,0,0.339614,0
3,0,0.3318442,0
3,0,0.29839283,0
3,0,0.26585105,0
3,0,0.25902995,0
3,0,0.28363842,0
3,0,0.26756796,0
3,0,0.2747738,0
3,0,0.32527375,0
3,0,0.3495044,0
3,0,0.37673667,0
3,0,0.3393175,0
3,0,0.3315011,0
3,0,0.30484456,0
3,0,0.31302816,0
3,0,0.29130104,0
3,0,0.38226384,0
3,0,0.35761654,0
3,0,0.40072533,0
3,0,0.40072533,0
3,0,0.40862283,0
3,0,0.38217264,0
3,0,0.4102795,0
3,0,0.43161082,0
3,0,0.41922045,0
3,0,0.44545537,0
3,0,0.4565063,0
3,0,0.50918686,1
3,0,0.51761293,1
3,0,0.45515734,0
3,0,0.5012839,1
3,0,0.47586644,0
3,0,0.48238206,0
3,0,0.21727909,0
3,0,0.2711819,0
3,0,0.2711819,0
3,0,0.2711819,0
3,0,0.28952956,0
3,0,0.26648685,0
3,0,0.2924023,0
3,0,0.3347753,0
3,0,0.2924023,0
3,0,0.2924023,0
3,0,0.2924023,0
3,0,0.27155042,0
3,0,0.26775128,0
3,0,0.29288518,0
3,1,0.29288518,0
3,1,0.31787568,0
3,1,0.32843572,0
3,1,0.30801687,0
3,1,0.33790866,0
3,1,0.2996431,0
3,1,0.3252563,0
3,1,0.29767498,0
3,1,0.3357172,0
3,1,0.3601879,0
3,1,0.32913765,0
3,1,0.40325302,0
3,1,0.45114365,0
3,1,0.48656473,0
3,1,0.45363665,0
3,1,0.45204654,0
3,1,0.4055377,0
3,1,0.3722686,0
3,1,0.3737674,0
3,1,0.36520147,0
3,1,0.3597342,0
3,1,0.37007532,0
3,1,0.3585093,0
3,1,0.3266938,0
3,1,0.3035582,0
3,1,0.33482593,0
3,1,0.27765152,0
3,1,0.2585772,0
3,0,0.24320716,0
3,0,0.23034798,0
3,0,0.24544866,0
3,0,0.24010377,0
3,0,0.20846264,0
3,0,0.21674702,0
3,0,0.23923005,0
3,0,0.26405033,0
3,0,0.26029584,0
3,0,0.25271818,0
3,0,0.23847012,0
3,0,0.25148907,0
3,0,0.23472036,0
3,0,0.23472036,0
3,1,0.2525213,0
3,1,0.28162634,0
3,1,0.3055656,0
3,1,0.30475214,0
3,1,0.3249022,0
3,1,0.36659864,0
3,1,0.3628786,0
3,1,0.33635393,0
3,1,0.31875917,0
3,0,0.29622105,0
3,0,0.31924674,0
3,0,0.29955208,0
3,0,0.30353436,0
3,0,0.30353436,0
3,0,0.30353436,0
3,0,0.28362912,0
3,0,0.27365202,0
3,0,0.29493356,0
3,0,0.37297738,0
3,0,0.37311873,0
3,0,0.3419576,0
3,0,0.34564236,0
3,0,0.33764377,0
3,0,0.33764377,0
3,0,0.36018708,0
3,0,0.37371063,0
3,0,0.433135,0
3,0,0.41807768,0
3,0,0.43884748,0
3,0,0.43884748,0
3,0,0.41702348,0
3,0,0.4392672,0
3,0,0.43354347,0
3,0,0.4610336,0
3,0,0.47119153,0
3,0,0.45069987,0
3,0,0.4276993,0
3,0,0.47704795,0
3,0,0.5006794,1
3,0,0.5006794,1
3,0,0.5194645,1
3,0,0.4770371,0
3,1,0.5000529,1
3,1,0.5658468,1
3,1,0.6378829,1
3,1,0.62734795,1
3,1,0.6051787,1
3,1,0.5885906,1
3,1,0.6118222,1
3,1,0.5617283,1
3,1,0.60607773,1
3,1,0.5828559,1
3,1,0.5569156,1
3,1,0.51080203,1
3,1,0.5397716,1
3,1,0.47109315,0
3,1,0.4298326,0
3,1,0.39026824,0
3,1,0.3691449,0
3,1,0.34879422,0
3,1,0.34254763,0
3,1,0.34254763,0
3,1,0.3869658,0
3,1,0.3797053,0
3,1,0.42030692,0
3,1,0.39968643,0
3,1,0.41146207,0
3,1,0.38308242,0
3,1,0.40559694,0
3,1,0.42602098,0
3,0,0.3898542,0
3,0,0.47058755,0
3,0,0.51737773,1
3,0,0.49359795,0
3,0,0.46196836,0
3,0,0.49938843,0
3,0,0.52352524,1
3,0,0.4725172,0
3,0,0.5059926,1
3,0,0.45752585,0
3,0,0.4065882,0
3,0,0.39720276,0
3,0,0.35886425,0
3,0,0.31358334,0
3,0,0.28858262,0
3,0,0.29649675,0
3,0,0.26313528,0
3,0,0.24339156,0
3,0,0.2747239,0
3,0,0.2687885,0
3,0,0.2998334,0
3,0,0.26173073,0
3,0,0.23828508,0
3,0,0.21514885,0
3,0,0.23436621,0
3,0,0.23436621,0
3,0,0.27596804,0
3,0,0.31635287,0
3,0,0.36202076,0
3,0,0.37243962,0
3,0,0.38891917,0
3,0,0.38891917,0
3,0,0.442629,0
3,0,0.4373302,0
3,0,0.48209107,0
3,0,0.45724294,0
3,0,0.43541133,0
3,1,0.41748208,0
3,1,0.44885188,0
3,1,0.4616223,0
3,1,0.51303655,1
3,1,0.48993453,0
3,1,0.45906514,0
3,1,0.43610087,0
3,1,0.42700416,0
3,1,0.42700416,0
3,1,0.45135176,0
3,1,0.40006498,0
3,1,0.40883452,0
3,1,0.42102072,0
3,1,0.47021052,0
3,1,0.52386695,1
3,1,0.597488,1
3,1,0.5405096,1
3,1,0.55004257,1
3,1,0.5630539,1
3,0,0.59228694,1
3,0,0.5976893,1
3,0,0.6183616,1
3,0,0.61974853,1
3,0,0.5995595,1
3,0,0.5799869,1
3,0,0.5456517,1
3,0,0.49572602,0
3,0,0.5106518,1
3,0,0.34392145,0
3,0,0.292532,0
3,0,0.292532,0
3,0,0.32777503,0
3,0,0.32777503,0
3,0,0.29761022,0
3,0,0.27368528,0
3,0,0.2541773,0
3,0,0.22743677,0
3,0,0.23936297,0
3,0,0.27478394,0
3,0,0.29821458,0
3,0,0.29821458,0
3,0,0.3380772,0
3,0,0.36054587,0
3,0,0.3774081,0
3,0,0.41350928,0
3,0,0.4765666,0
3,0,0.45038012,0
3,0,0.44591042,0
3,0,0.39196733,0
3,0,0.41276968,0
3,0,0.43275407,0
3,0,0.48361567,0
3,0,0.50275207,1
3,0,0.45062324,0
3,0,0.47753233,0
3,0,0.4378122,0
3,0,0.4424349,0
3,0,0.40027684,0
3,0,0.36508328,0
3,0,0.32459304,0
3,0,0.3620892,0
3,1,0.32118848,0
3,1,0.36423153,0
3,1,0.4163016,0
3,1,0.39310154,0
3,1,0.39310154,0
3,1,0.39902958,0
3,1,0.39902958,0
3,1,0.399855,0
3,1,0.3978257,0
3,1,0.3978257,0
3,1,0.39770922,0
3,1,0.40649688,0
3,1,0.4371587,0
3,1,0.48082826,0
3,1,0.46706626,0
3,1,0.44678414,0
3,1,0.40568998,0
3,1,0.31666836,0
3,1,0.30966914,0
3,0,0.27503714,0
3,0,0.26298103,0
3,0,0.27213943,0
3,0,0.27022433,0
3,0,0.2793436,0
3,0,0.29454195,0
3,0,0.31500483,0
3,0,0.3372121,0
3,0,0.31037006,0
3,0,0.3055215,0
3,0,0.27165473,0
3,0,0.31044596,0
3,0,0.34679005,0
3,0,0.391137,0
3,0,0.43224663,0
3,0,0.44198668,0
3,0,0.43060982,0
3,0,0.43019032,0
3,0,0.45136896,0
3,0,0.44254515,0
3,0,0.48907408,0
3,0,0.47955826,0
3,0,0.49461454,0
3,0,0.5250567,1
3,0,0.50929326,1
3,0,0.5822182,1
3,0,0.58215946,1
3,0,0.5410951,1
3,1,0.492137,0
3,1,0.45106667,0
3,1,0.45106667,0
3,1,0.42682242,0
3,1,0.4381152,0
3,1,0.43494242,0
3,1,0.43494242,0
3,1,0.40195978,0
3,1,0.4173859,0
3,0,0.4053636,0
3,0,0.41361782,0
3,0,0.43887803,0
3,0,0.4319279,0
3,0,0.39289853,0
3,0,0.41945824,0
3,0,0.4683172,0
3,0,0.5045554,1
3,0,0.53928363,1
3,0,0.6113323,1
3,0,0.5823949,1
3,0,0.58978754,1
3,0,0.58978754,1
3,0,0.58978754,1
3,1,0.38037574,0
3,1,0.3717683,0
3,1,0.35104746,0
3,1,0.30588788,0
3,1,0.30588788,0
3,1,0.28722963,0
3,1,0.28701848,0
3,1,0.30394104,0
3,1,0.27710572,0
3,1,0.5073064,1
3,1,0.52789533,1
3,1,0.5468741,1
3,1,0.4865333,0
3,1,0.4452007,0
3,1,0.48989448,0
3,1,0.48989448,0
3,1,0.44828892,0
3,1,0.41533494,0
3,1,0.41230085,0
3,1,0.34075427,0
3,1,0.34202796,0
3,1,0.31197903,0
4,1,0.4007854,0
4,1,0.42292917,0
4,1,0.45174387,0
4,1,0.42322832,0
4,1,0.46450078,0
4,1,0.54779077,1
4,1,0.4949408,0
4,1,0.475983,0
4,1,0.49363455,0
4,1,0.4970414,0
4,1,0.54993,1
4,0,0.5121819,1
4,0,0.45827904,0
4,0,0.42987087,0
4,0,0.42665893,0
4,0,0.47471443,0
4,0,0.43883765,0
4,0,0.459782,0
4,0,0.51452583,1
4,0,0.46573442,0
4,0,0.44791767,0
4,0,0.4965852,0
4,0,0.4620635,0
4,0,0.44245133,0
4,0,0.46805575,0
4,0,0.42079592,0
4,0,0.46426257,0
4,0,0.49794787,0
4,0,0.49794787,0
4,0,0.45948306,0
4,0,0.42202675,0
4,0,0.4819686,0
4,0,0.43991804,0
4,0,0.42804953,0
4,0,0.41537368,0
4,0,0.4048605,0
4,0,0.4267187,0
4,0,0.42211485,0
4,0,0.43109164,0
4,0,0.40678504,0
4,0,0.46333283,0
4,0,0.44489613,0
4,0,0.42120093,0
4,0,0.4092671,0
4,0,0.4092671,0
4,0,0.49910486,0
4,0,0.48261535,0
4,0,0.49232745,0
4,0,0.46881342,0
4,0,0.48149875,0
4,0,0.50784975,1
4,0,0.46984965,0
4,0,0.6552086,1
4,0,0.6361844,1
4,0,0.6123819,1
4,0,0.59637684,1
4,0,0.5160167,1
4,0,0.5269486,1
4,0,0.521257,1
4,0,0.56687933,1
4,1,0.56987315,1
4,1,0.5549734,1
4,1,0.56663877,1
4,1,0.5505673,1
4,1,0.583169,1
4,1,0.5439786,1
4,1,0.56703675,1
4,1,0.52441776,1
4,1,0.52913207,1
4,1,0.48193872,0
4,1,0.4682483,0
4,1,0.45692194,0
4,1,0.46319216,0
4,1,0.40699023,0
4,1,0.3791256,0
4,1,0.33661935,0
4,1,0.33445457,0
4,1,0.36038965,0
4,1,0.395062,0
4,1,0.39274406,0
4,1,0.4345549,0
4,1,0.4018957,0
4,1,0.39211488,0
4,1,0.40162462,0
4,1,0.44505715,0
4,1,0.39027712,0
4,1,0.39027712,0
4,1,0.38988972,0
4,0,0.38594013,0
4,0,0.42148575,0
4,0,0.40598866,0
4,0,0.44700804,0
4,0,0.3594737,0
4,0,0.37766457,0
4,0,0.36098427,0
4,0,0.32718125,0
4,0,0.32718125,0
4,0,0.3538137,0
4,0,0.33760813,0
4,0,0.31569308,0
4,0,0.33509108,0
4,0,0.4120035,0
4,0,0.35693172,0
4,0,0.40974462,0
4,0,0.37552252,0
4,0,0.37511382,0
4,0,0.38204315,0
4,0,0.38204315,0
4,0,0.34465194,0
4,0,0.33034077,0
4,0,0.37288186,0
4,0,0.3903125,0
4,0,0.3528119,0
4,0,0.32568482,0
4,0,0.34255204,0
4,0,0.32342812,0
4,1,0.2638695,0
4,1,0.26915222,0
4,1,0.25140435,0
4,1,0.2627296,0
4,1,0.27913788,0
4,1,0.2921097,0
4,1,0.31365523,0
4,1,0.33980104,0
4,1,0.37393528,0
4,1,0.37527418,0
4,1,0.39076117,0
4,1,0.3886668,0
4,1,0.37508467,0
4,1,0.3787552,0
4,1,0.4399696,0
4,1,0.43257633,0
4,1,0.41618794,0
4,1,0.3933703,0
4,1,0.41506854,0
4,0,0.47168666,0
4,0,0.4155526,0
4,0,0.4155526,0
4,0,0.43168083,0
4,0,0.4031862,0
4,0,0.4031862,0
4,0,0.4031862,0
4,0,0.44890302,0
4,0,0.44890302,0
4,1,0.44897875,0
4,1,0.38621846,0
4,1,0.44737786,0
4,1,0.44897875,0
4,1,0.4493365,0
4,1,0.4493365,0
4,1,0.39408654,0
4,1,0.3925854,0
4,1,0.4049702,0
4,1,0.3587407,0
4,1,0.35193935,0
4,1,0.35193935,0
4,1,0.35305354,0
4,1,0.34550765,0
4,1,0.36340863,0
4,1,0.36820045,0
4,1,0.40081984,0
4,1,0.42476016,0
4,1,0.46736175,0
4,0,0.5019709,1
4,0,0.45570272,0
4,0,0.5142878,1
4,0,0.5748799,1
4,0,0.56410897,1
4,0,0.61880213,1
4,0,0.6340028,1
4,0,0.6412797,1
4,0,0.6559322,1
4,0,0.67347544,1
4,0,0.7109996,1
4,0,0.7177766,1
4,0,0.7531859,1
4,0,0.7290791,1
4,1,0.72881645,1
4,1,0.7128098,1
4,1,0.73529416,1
4,1,0.6871676,1
4,1,0.6871676,1
4,1,0.703981,1
4,1,0.6545095,1
4,1,0.6954846,1
4,1,0.68855333,1
4,0,0.66444886,1
4,0,0.6119838,1
4,0,0.56634164,1
4,0,0.51064134,1
4,0,0.4844877,0
4,0,0.49009937,0
4,0,0.46900228,0
4,0,0.51613843,1
4,0,0.48743072,0
4,0,0.531882,1
4,0,0.5147887,1
4,0,0.51625335,1
4,0,0.56466746,1
4,0,0.5023788,1
4,0,0.45506784,0
4,0,0.4320747,0
4,0,0.463427,0
4,0,0.45051923,0
4,0,0.5219241,1
4,1,0.5445829,1
4,1,0.5067272,1
4,1,0.4853197,0
4,1,0.43821764,0
4,1,0.4521259,0
4,1,0.40511435,0
4,1,0.3951332,0
4,1,0.35112333,0
4,1,0.3273448,0
4,0,0.33371443,0
4,0,0.35708463,0
4,0,0.35078576,0
4,0,0.37718436,0
4,0,0.4287263,0
4,0,0.41925,0
4,0,0.3450193,0
4,0,0.3761188,0
4,0,0.37576595,0
4,0,0.39925164,0
4,0,0.41715223,0
4,0,0.4326577,0
4,0,0.43265632,0
4,0,0.4447915,0
4,1,0.42427647,0
4,1,0.40756464,0
4,1,0.4257753,0
4,1,0.48123667,0
4,1,0.45958918,0
4,1,0.44961068,0
4,1,0.40491727,0
4,1,0.45990035,0
4,1,0.4529619,0
4,1,0.46332264,0
4,1,0.4547652,0
4,1,0.44176397,0
4,1,0.47475582,0
4,1,0.47008622,0
4,1,0.51331824,1
4,1,0.57046455,1
4,1,0.610687,1
4,0,0.610687,1
4,0,0.5935464,1
4,0,0.5441625,1
4,0,0.56178725,1
4,0,0.5511015,1
4,0,0.5759576,1
4,0,0.5593935,1
4,0,0.5771456,1
4,0,0.5395234,1
4,0,0.51952106,1
4,0,0.5204416,1
4,0,0.4970057,0
4,0,0.47604886,0
4,0,0.5183114,1
4,0,0.5110809,1
4,0,0.50557876,1
4,0,0.5117755,1
4,0,0.5329008,1
4,1,0.5042431,1
4,1,0.47902098,0
4,1,0.5193104,1
4,1,0.498046,0
4,1,0.50757504,1
4,1,0.4655054,0
4,1,0.3994174,0
4,1,0.42189816,0
4,1,0.42041397,0
4,0,0.40634677,0
4,0,0.43639398,0
4,0,0.4370726,0
4,0,0.39793578,0
4,0,0.4148972,0
4,1,0.39972317,0
4,1,0.37775964,0
4,1,0.37206978,0
4,1,0.354666,0
4,1,0.34750676,0
4,1,0.34450623,0
4,1,0.35454,0
4,1,0.4029041,0
4,1,0.40162376,0
4,0,0.44656843,0
4,0,0.4671304,0
4,0,0.47858664,0
4,0,0.48663303,0
4,0,0.5133325,1
4,0,0.34121186,0
4,0,0.31589413,0
4,0,0.33953384,0
4,0,0.3888276,0
4,0,0.4250681,0
4,0,0.48671207,0
4,0,0.4442064,0
4,0,0.5062184,1
4,0,0.55205643,1
4,0,0.6094435,1
4,1,0.5849498,1
4,1,0.54192215,1
4,1,0.52278835,1
4,1,0.5028101,1
4,1,0.49402273,0
4,1,0.49313816,0
4,1,0.4645387,0
4,1,0.4645387,0
4,1,0.5131284,1
4,0,0.4997184,0
4,0,0.5259254,1
4,0,0.5695285,1
4,0,0.5259254,1
4,0,0.5424142,1
4,0,0.40450954,0
4,0,0.36258537,0
4,0,0.36318347,0
4,0,0.38853648,0
4,0,0.3898061,0
4,0,0.3019574,0
4,0,0.30268872,0
4,0,0.30268872,0
4,0,0.35004556,0
4,0,0.35004556,0
4,1,0.32378262,0
4,1,0.34145936,0
4,1,0.36451197,0
4,1,0.32077992,0
4,1,0.36100623,0
4,1,0.36246398,0
4,1,0.3652678,0
4,1,0.41073933,0
4,1,0.4175314,0
4,0,0.44767728,0
4,0,0.48521194,0
4,0,0.48521194,0
4,0,0.5034321,1
4,0,0.534625,1
4,1,0.56498206,1
4,1,0.56498206,1
4,1,0.56909955,1
4,1,0.60233086,1
4,1,0.60233086,1
4,1,0.60233086,1
4,1,0.6091062,1
4,1,0.6133582,1
4,1,0.57918906,1
4,1,0.5555702,1
4,1,0.56139094,1
4,1,0.60428655,1
4,1,0.5681846,1
4,1,0.49956822,0
4,1,0.45067376,0
4,1,0.48671207,0
4,1,0.4442064,0
4,1,0.5062184,1
4,1,0.55205643,1
4,1,0.6094435,1
4,1,0.5849498,1
4,1,0.54192215,1
4,1,0.52278835,1
4,1,0.5028101,1
4,1,0.49402273,0
4,1,0.49313816,0
4,1,0.4645387,0
4,1,0.4645387,0
4,0,0.4886005,0
4,0,0.46671987,0
4,0,0.4700248,0
4,0,0.43034795,0
4,0,0.4168347,0
4,0,0.39855447,0
4,0,0.42534286,0
4,0,0.4244279,0
4,0,0.46805575,0
4,0,0.42079592,0
4,0,0.46426257,0
4,0,0.49794787,0
4,0,0.49794787,0
4,1,0.6677836,1
4,1,0.63783896,1
4,1,0.6034555,1
4,1,0.61922526,1
4,1,0.5477251,1
4,1,0.53693473,1
4,1,0.54920286,1
4,1,0.5631221,1
4,1,0.56675994,1
4,1,0.5201834,1
4,1,0.49674678,0
4,1,0.52586097,1
4,1,0.49766192,0
4,1,0.52461994,1
4,1,0.4843154,0
4,1,0.50618017,1
4,1,0.54609096,1
4,1,0.5669364,1
4,1,0.57061946,1
4,0,0.6662524,1
4,0,0.68666166,1
4,0,0.65082353,1
4,0,0.64633256,1
4,0,0.7195382,1
4,0,0.6984825,1
4,0,0.73420125,1
4,0,0.70275223,1
4,0,0.6815083,1
4,0,0.6982806,1
4,0,0.7369901,1
4,0,0.7779673,1
4,0,0.702821,1
4,1,0.67347544,1
4,1,0.7109996,1
4,1,0.7177766,1
4,1,0.7531859,1
4,1,0.7290791,1
4,1,0.72881645,1
4,1,0.7128098,1
4,1,0.73529416,1
4,1,0.6871676,1
4,1,0.6871676,1
4,1,0.703981,1
4,1,0.6545095,1
4,1,0.6954846,1
4,1,0.68855333,1
4,1,0.66444886,1
4,1,0.6119838,1
4,1,0.56634164,1
4,1,0.51064134,1
4,1,0.4844877,0
4,1,0.49009937,0
4,1,0.46900228,0
4,1,0.51613843,1
4,1,0.48743072,0
4,1,0.4705836,0
4,1,0.45892087,0
4,1,0.5210374,1
4,1,0.57464266,1
4,1,0.55875766,1
4,1,0.58027834,1
4,1,0.6046563,1
4,1,0.6451756,1
4,1,0.71653974,1
4,1,0.67525107,1
4,1,0.65521544,1
4,1,0.7106203,1
4,1,0.67509156,1
4,1,0.6472279,1
4,1,0.61119884,1
4,1,0.6387938,1
4,1,0.63066536,1
4,1,0.5953402,1
4,1,0.53590393,1
4,1,0.45075127,0
4,1,0.39596117,0
4,1,0.41608363,0
4,1,0.41110477,0
4,1,0.42033786,0
4,1,0.39720803,0
4,1,0.39720803,0
4,1,0.40152988,0
4,1,0.3543796,0
4,1,0.3688862,0
4,1,0.37233266,0
4,1,0.40986714,0
4,1,0.4325979,0
4,1,0.3816892,0
4,1,0.34634712,0
4,1,0.38605845,0
4,1,0.3928251,0
4,1,0.41032237,0
4,1,0.39516234,0
4,0,0.47162396,0
4,0,0.44506845,0
4,0,0.44842345,0
4,0,0.43830714,0
4,0,0.43830714,0
4,0,0.42290828,0
4,0,0.44687614,0
4,0,0.4769003,0
4,0,0.49261928,0
4,0,0.43594575,0
4,0,0.50220436,1
4,0,0.47390243,0
4,0,0.43520606,0
4,0,0.43675146,0
4,0,0.4038925,0
4,0,0.41506568,0
4,0,0.42592886,0
4,0,0.410471,0
4,0,0.43276843,0
4,1,0.3937667,0
4,1,0.42843115,0
4,1,0.43846008,0
4,1,0.42843115,0
4,1,0.43065777,0
4,1,0.48518595,0
4,1,0.5166673,1
4,1,0.5141376,1
4,1,0.5141376,1
4,1,0.4950912,0
4,1,0.46938667,0
4,1,0.46938667,0
4,1,0.52766854,1
4,1,0.5670285,1
4,1,0.5684935,1
4,1,0.5743072,1
4,1,0.5050178,1
4,1,0.47897756,0
4,1,0.49474376,0
4,1,0.49019337,0
4,1,0.5099911,1
4,1,0.44177198,0
4,1,0.43600142,0
4,0,0.41296428,0
4,0,0.4281319,0
4,0,0.47619152,0
4,0,0.49414453,0
4,0,0.46909347,0
4,0,0.43737,0
4,0,0.4267828,0
4,0,0.40542305,0
4,0,0.4515193,0
4,0,0.48535585,0
4,0,0.45535573,0
4,0,0.487374,0
4,0,0.42236674,0
4,0,0.44860068,0
4,0,0.5001445,1
4,0,0.5163939,1
4,0,0.49620354,0
4,0,0.4672278,0
4,0,0.45539278,0
4,0,0.41043168,0
4,0,0.41043168,0
4,0,0.413904,0
4,0,0.4119074,0
4,0,0.38428146,0
4,0,0.34298566,0
4,0,0.32536566,0
4,0,0.32307884,0
4,0,0.35676256,0
4,0,0.33200896,0
4,0,0.28798774,0
4,0,0.32506257,0
4,0,0.33536866,0
4,0,0.33536866,0
4,1,0.31591895,0
4,1,0.36057866,0
4,1,0.37659392,0
4,1,0.38566723,0
4,1,0.43795103,0
4,1,0.44616678,0
4,1,0.472174,0
4,1,0.49442676,0
4,1,0.49082628,0
4,1,0.4924577,0
4,1,0.4924577,0
4,1,0.5697059,1
4,1,0.5350592,1
4,1,0.52674305,1
4,1,0.5060185,1
4,1,0.55592793,1
4,1,0.55808824,1
4,1,0.57853305,1
4,1,0.5451083,1
4,1,0.5118464,1
4,1,0.5118464,1
4,1,0.49315536,0
4,1,0.5164494,1
4,0,0.51443857,1
4,0,0.49113923,0
4,0,0.52128476,1
4,0,0.48493275,0
4,0,0.48493275,0
4,0,0.453079,0
4,0,0.50785244,1
4,0,0.4942156,0
4,0,0.4410035,0
4,0,0.4361438,0
4,0,0.45969838,0
4,0,0.49818212,0
4,0,0.49818212,0
4,0,0.57062155,1
4,0,0.5746829,1
4,0,0.5190504,1
4,0,0.4778091,0
4,0,0.453828,0
4,0,0.43235642,0
4,0,0.50925356,1
4,0,0.485853,0
4,0,0.460179,0
4,0,0.48360303,0
4,0,0.49083728,0
4,0,0.49083728,0
4,0,0.5324784,1
4,0,0.58315164,1
4,0,0.5555702,1
4,0,0.56139094,1
4,0,0.60428655,1
4,0,0.5681846,1
4,0,0.49956822,0
4,0,0.45067376,0
4,0,0.48671207,0
4,0,0.4442064,0
4,0,0.5062184,1
4,0,0.55205643,1
4,0,0.6094435,1
4,0,0.5849498,1
4,0,0.54192215,1
4,0,0.52278835,1
4,0,0.5028101,1
4,0,0.49402273,0
4,0,0.49313816,0
4,0,0.4645387,0
4,0,0.4645387,0
4,0,0.5131284,1
4,0,0.4997184,0
4,0,0.5259254,1
4,0,0.5695285,1
4,0,0.5259254,1
4,0,0.5424142,1
4,0,0.5265654,1
4,0,0.5403801,1
4,0,0.5799068,1
4,0,0.59843975,1
4,0,0.56089264,1
4,0,0.5582479,1
4,0,0.5666634,1
4,0,0.55645156,1
4,0,0.54605937,1
4,1,0.5270946,1
4,1,0.5959952,1
4,1,0.5518649,1
4,1,0.567587,1
4,1,0.59151125,1
4,1,0.5389452,1
4,1,0.56389505,1
4,1,0.61373913,1
4,1,0.6064046,1
4,1,0.5659757,1
4,1,0.6121162,1
4,1,0.625286,1
4,1,0.5804095,1
4,1,0.61972195,1
4,1,0.6614367,1
4,1,0.6766614,1
4,1,0.6119913,1
4,1,0.63154966,1
4,1,0.59832907,1
4,0,0.56172544,1
4,0,0.57140434,1
4,0,0.4869559,0
4,0,0.46944332,0
4,0,0.4608268,0
4,0,0.44520134,0
4,0,0.41580036,0
4,0,0.41580036,0
4,0,0.41580036,0
4,0,0.40450954,0
4,0,0.36258537,0
4,0,0.36318347,0
4,0,0.38853648,0
4,0,0.3898061,0
4,0,0.40597403,0
4,0,0.42653742,0
4,0,0.43871385,0
4,0,0.45186225,0
4,0,0.47636697,0
4,0,0.45516974,0
4,0,0.46022782,0
4,0,0.42245856,0
4,0,0.44540763,0
4,0,0.5020009,1
4,0,0.5245224,1
4,0,0.59556884,1
4,0,0.5775435,1
4,0,0.59556884,1
4,0,0.5498969,1
4,0,0.5498969,1
4,0,0.5781497,1
4,0,0.5615521,1
4,0,0.5410941,1
4,0,0.50579286,1
4,0,0.54225826,1
4,0,0.58077675,1
4,0,0.5798783,1
4,0,0.5526478,1
4,0,0.55110765,1
4,0,0.5006392,1
4,0,0.46796355,0
4,0,0.46796355,0
4,1,0.4665326,0
4,1,0.51169056,1
4,1,0.46063507,0
4,1,0.46063507,0
4,1,0.42263445,0
4,1,0.45451468,0
4,1,0.40236905,0
4,1,0.4089192,0
4,1,0.41589227,0
4,0,0.4115698,0
4,0,0.4827131,0
4,0,0.43947452,0
4,0,0.5016031,1
4,0,0.53180933,1
4,0,0.5445685,1
4,0,0.4947704,0
4,0,0.4896204,0
4,0,0.49662802,0
4,0,0.447682,0
4,0,0.53543353,1
4,0,0.5472992,1
4,0,0.62348276,1
4,0,0.64255077,1
4,0,0.60459495,1
4,0,0.60459495,1
4,0,0.53254974,1
4,0,0.5580148,1
4,0,0.5242855,1
4,1,0.4976263,0
4,1,0.46042183,0
4,1,0.51006263,1
4,1,0.47004882,0
4,1,0.5164256,1
4,1,0.53458536,1
4,1,0.4751257,0
4,1,0.43736866,0
4,1,0.4171627,0
4,0,0.40805387,0
4,0,0.4659849,0
4,0,0.5106695,1
4,0,0.5106307,1
4,0,0.53013825,1
4,0,0.5071271,1
4,0,0.46497676,0
4,0,0.4508628,0
4,0,0.39753973,0
4,0,0.43927878,0
4,0,0.43620533,0
4,0,0.43620533,0
4,0,0.4991419,0
4,0,0.54754835,1
4,0,0.49044135,0
4,0,0.4622091,0
4,0,0.435044,0
4,0,0.4213981,0
4,0,0.41900232,0
4,0,0.4330606,0
4,0,0.46930662,0
4,0,0.5171573,1
4,0,0.55702615,1
4,0,0.625324,1
4,0,0.5694995,1
4,0,0.55685365,1
4,0,0.54968166,1
4,0,0.52657247,1
4,0,0.46273518,0
4,0,0.45306227,0
4,0,0.41700536,0
4,0,0.37560552,0
4,0,0.4046759,0
4,1,0.41109145,0
4,1,0.3877784,0
4,1,0.38864365,0
4,1,0.40153804,0
4,1,0.375808,0
4,1,0.3594531,0
4,1,0.3837213,0
4,1,0.38305974,0
4,1,0.42942074,0
4,0,0.39251107,0
4,0,0.44711933,0
4,0,0.51299065,1
4,0,0.60494477,1
4,0,0.60135406,1
4,0,0.5765775,1
4,0,0.5765775,1
4,0,0.553037,1
4,0,0.5106321,1
4,0,0.46040738,0
4,0,0.5069587,1
4,0,0.46040738,0
4,0,0.45998222,0
4,0,0.41853356,0
4,0,0.4210798,0
4,0,0.43363503,0
4,0,0.38066247,0
4,0,0.40468737,0
4,0,0.38425007,0
4,0,0.39459467,0
4,0,0.37843412,0
4,0,0.4256194,0
4,0,0.40494546,0
4,0,0.3934613,0
4,0,0.37047857,0
4,0,0.33141646,0
4,0,0.32657173,0
4,0,0.31560314,0
4,0,0.3019574,0
4,0,0.30268872,0
4,0,0.30268872,0
4,0,0.35004556,0
4,0,0.35004556,0
4,0,0.32378262,0
4,0,0.34145936,0
4,0,0.36451197,0
4,0,0.32077992,0
4,0,0.36100623,0
4,0,0.36246398,0
4,0,0.3652678,0
4,0,0.41073933,0
4,0,0.4175314,0
4,0,0.44767728,0
4,0,0.48521194,0
4,0,0.48521194,0
4,0,0.5034321,1
4,0,0.534625,1
4,0,0.5078029,1
4,0,0.53310215,1
4,0,0.5099698,1
4,0,0.53673387,1
4,0,0.5914821,1
4,0,0.5703331,1
4,0,0.6472972,1
4,0,0.69839776,1
4,0,0.72468007,1
4,0,0.7539064,1
4,0,0.7634878,1
4,0,0.77498555,1
4,0,0.77498555,1
4,0,0.745308,1
4,0,0.73175454,1
4,0,0.68770725,1
4,0,0.6645989,1
4,0,0.6438726,1
4,0,0.6225235,1
4,0,0.5827939,1
4,0,0.6292456,1
4,0,0.61030763,1
4,0,0.60199225,1
4,0,0.56957513,1
4,0,0.5898151,1
4,0,0.5840755,1
4,0,0.5360106,1
4,0,0.5123781,1
4,0,0.56828123,1
4,0,0.5313981,1
4,0,0.55531293,1
4,0,0.61144596,1
4,0,0.65245587,1
4,0,0.60814494,1
4,0,0.6627751,1
4,0,0.64650977,1
4,0,0.6066292,1
4,1,0.6169133,1
4,1,0.59755677,1
4,1,0.5836438,1
4,1,0.54951835,1
4,1,0.58068144,1
4,1,0.5413287,1
4,1,0.5126385,1
4,1,0.52641016,1
4,1,0.58527946,1
4,1,0.57438487,1
4,1,0.61680925,1
4,1,0.6458256,1
4,1,0.63690317,1
4,1,0.6477528,1
4,1,0.63850456,1
4,1,0.6090639,1
4,1,0.5992227,1
4,1,0.5718805,1
4,1,0.5977007,1
4,1,0.56837404,1
4,1,0.6297902,1
4,1,0.6438739,1
5,1,0.62540114,1
5,1,0.6227487,1
5,1,0.6589194,1
5,1,0.5560713,1
5,1,0.48407504,0
5,1,0.49274346,0
5,1,0.43038452,0
5,1,0.42298824,0
5,1,0.44009292,0
5,1,0.38151413,0
5,1,0.37178826,0
5,1,0.38151413,0
5,1,0.38151413,0
5,1,0.36501294,0
5,1,0.34860855,0
5,1,0.34690374,0
5,1,0.35949543,0
5,1,0.34168565,0
5,1,0.4355792,0
5,1,0.45957166,0
5,0,0.3730397,0
5,0,0.40235126,0
5,0,0.38228205,0
5,0,0.34103614,0
5,0,0.36285108,0
5,0,0.4253754,0
5,0,0.47961405,0
5,0,0.42736602,0
5,0,0.4660674,0
5,0,0.48340836,0
5,0,0.41286686,0
5,0,0.37784708,0
5,0,0.33475366,0
5,0,0.26849788,0
5,0,0.28743774,0
5,0,0.33224303,0
5,0,0.35171643,0
5,0,0.35844436,0
5,0,0.3565189,0
5,0,0.38200834,0
5,1,0.3493016,0
5,1,0.32153642,0
5,1,0.42048672,0
5,1,0.39773452,0
5,1,0.39773452,0
5,1,0.45005894,0
5,1,0.4396714,0
5,1,0.39908648,0
5,1,0.4585972,0
5,1,0.45327502,0
5,1,0.4296531,0
5,1,0.42594197,0
5,1,0.4463922,0
5,1,0.5124575,1
5,1,0.5124575,1
5,0,0.45152485,0
5,0,0.38870862,0
5,0,0.33605734,0
5,0,0.3193162,0
5,0,0.31743684,0
5,0,0.31743684,0
5,0,0.36357155,0
5,0,0.37303996,0
5,0,0.3565076,0
5,0,0.3916532,0
5,0,0.46621794,0
5,0,0.4254307,0
5,0,0.44442657,0
5,0,0.4254307,0
5,0,0.44704854,0
5,0,0.48154986,0
5,0,0.5498029,1
5,0,0.5408046,1
5,0,0.517361,1
5,0,0.45604315,0
5,0,0.43008173,0
5,0,0.34047967,0
5,0,0.35755956,0
5,0,0.36127034,0
5,0,0.3291435,0
5,0,0.28243405,0
5,0,0.32602274,0
5,0,0.28583673,0
5,0,0.27144384,0
5,0,0.20983477,0
5,0,0.17768759,0
5,0,0.1639426,0
5,0,0.17952614,0
5,0,0.20988566,0
5,0,0.25803962,0
5,0,0.27823138,0
5,0,0.27823138,0
5,0,0.3158536,0
5,0,0.31219104,0
5,0,0.2714364,0
5,0,0.27885276,0
5,0,0.30602056,0
5,0,0.28658208,0
5,0,0.28658208,0
5,0,0.3015714,0
5,0,0.28694314,0
5,0,0.28694314,0
5,0,0.2789834,0
5,0,0.27971599,0
5,0,0.25798523,0
5,0,0.2772089,0
5,0,0.25124103,0
5,0,0.30276877,0
5,0,0.30276877,0
5,0,0.29814896,0
5,0,0.30841437,0
5,0,0.3492948,0
5,0,0.37035903,0
5,0,0.4108871,0
5,0,0.39130226,0
5,0,0.3402122,0
5,0,0.35929066,0
5,0,0.38698468,0
5,0,0.34051886,0
5,0,0.36272126,0
5,0,0.36364973,0
5,0,0.36364973,0
5,0,0.317766,0
5,0,0.31588793,0
5,0,0.3054227,0
5,0,0.28107706,0
5,0,0.2343741,0
5,0,0.27209407,0
5,0,0.23345484,0
5,0,0.23345484,0
5,0,0.31910455,0
5,0,0.3192629,0
5,0,0.33526975,0
5,0,0.3620985,0
5,0,0.3620985,0
5,0,0.33873308,0
5,0,0.33926108,0
5,0,0.38534904,0
5,0,0.38728395,0
5,0,0.32784766,0
5,0,0.35430437,0
5,0,0.3788304,0
5,0,0.38431376,0
5,0,0.43798855,0
5,0,0.4584058,0
5,0,0.423627,0
5,0,0.40340358,0
5,0,0.40340358,0
5,0,0.421792,0
5,0,0.45584577,0
5,0,0.44924676,0
5,0,0.48385194,0
5,0,0.4530393,0
5,0,0.47139502,0
5,0,0.49044853,0
5,1,0.51169544,1
5,1,0.47951654,0
5,1,0.45319116,0
5,1,0.46903548,0
5,1,0.44777572,0
5,1,0.42763183,0
5,1,0.4169416,0
5,1,0.342147,0
5,1,0.32499045,0
5,1,0.26946616,0
5,1,0.2934259,0
5,1,0.26587895,0
5,1,0.23348415,0
5,1,0.19096495,0
5,1,0.17527221,0
5,0,0.20166476,0
5,0,0.23293963,0
5,0,0.24791063,0
5,0,0.21738939,0
5,0,0.22859073,0
5,0,0.25883353,0
5,0,0.2663092,0
5,0,0.3009363,0
5,0,0.3009363,0
5,0,0.3121873,0
5,0,0.30781955,0
5,0,0.3226525,0
5,0,0.3690619,0
5,0,0.4105971,0
5,0,0.45658106,0
5,0,0.3748639,0
5,0,0.35504678,0
5,0,0.3264427,0
5,0,0.34876606,0
5,0,0.31531498,0
5,1,0.32576033,0
5,1,0.32740843,0
5,1,0.330821,0
5,1,0.35743767,0
5,1,0.32759783,0
5,1,0.2960304,0
5,1,0.24657957,0
5,1,0.24239305,0
5,1,0.25530985,0
5,1,0.2612213,0
5,1,0.28549075,0
5,1,0.31744513,0
5,1,0.28471768,0
5,1,0.24849185,0
5,1,0.2744831,0
5,1,0.2471166,0
5,1,0.25575814,0
5,1,0.30281556,0
5,1,0.2836936,0
5,1,0.32789907,0
5,0,0.3495423,0
5,0,0.36571205,0
5,0,0.43050843,0
5,0,0.4401888,0
5,0,0.4401888,0
5,0,0.3999095,0
5,0,0.41053712,0
5,0,0.46689767,0
5,0,0.5349711,1
5,0,0.50659335,1
5,1,0.5083484,1
5,1,0.49817938,0
5,1,0.46341178,0
5,1,0.46323293,0
5,1,0.4392703,0
5,1,0.46996972,0
5,1,0.45726243,0
5,1,0.4426343,0
5,1,0.42645255,0
5,1,0.42530078,0
5,1,0.4674071,0
5,1,0.38545534,0
5,1,0.36741084,0
5,1,0.32861784,0
5,1,0.3293202,0
5,0,0.267223,0
5,0,0.29209036,0
5,0,0.2553852,0
5,0,0.2542208,0
5,0,0.2984901,0
5,0,0.29234487,0
5,0,0.2695003,0
5,0,0.23128824,0
5,0,0.21669124,0
5,0,0.23128824,0
5,0,0.21430422,0
5,0,0.287577,0
5,0,0.24643311,0
5,0,0.29842708,0
5,0,0.29842708,0
5,0,0.38185725,0
5,0,0.38185725,0
5,0,0.3555974,0
5,0,0.3555974,0
5,0,0.2708412,0
5,0,0.27680257,0
5,0,0.29557964,0
5,0,0.29557964,0
5,0,0.26113397,0
5,0,0.24571045,0
5,1,0.27960965,0
5,1,0.21940145,0
5,1,0.28676292,0
5,1,0.2708031,0
5,1,0.2708031,0
5,1,0.22317263,0
5,1,0.20938902,0
5,1,0.2291989,0
5,1,0.20040067,0
5,1,0.2725154,0
5,1,0.21413858,0
5,1,0.2542854,0
5,1,0.2619172,0
5,1,0.34491244,0
5,1,0.36851764,0
5,0,0.37366056,0
5,0,0.35435185,0
5,0,0.3761953,0
5,0,0.3841903,0
5,0,0.39117283,0
5,0,0.39117283,0
5,0,0.34266642,0
5,0,0.34266642,0
5,0,0.34266642,0
5,0,0.30935082,0
5,1,0.3577622,0
5,1,0.3577622,0
5,1,0.40909636,0
5,1,0.3577622,0
5,1,0.30865547,0
5,1,0.30392867,0
5,1,0.36773974,0
5,1,0.29789424,0
5,0,0.23600923,0
5,0,0.23600923,0
5,0,0.2740902,0
5,0,0.31796697,0
5,0,0.33851907,0
5,0,0.43095168,0
5,0,0.43095168,0
5,0,0.3875866,0
5,0,0.3630487,0
5,0,0.31655627,0
5,0,0.36561978,0
5,0,0.39509985,0
5,1,0.39404404,0
5,1,0.3670916,0
5,1,0.40727302,0
5,1,0.45865107,0
5,1,0.457427,0
5,1,0.43043828,0
5,1,0.4324165,0
5,1,0.38256353,0
5,1,0.28685215,0
5,1,0.28639638,0
5,1,0.34125966,0
5,1,0.34125966,0
5,1,0.2933022,0
5,1,0.24172026,0
5,1,0.2591146,0
5,1,0.2439416,0
5,1,0.22043416,0
5,1,0.24723561,0
5,1,0.26166227,0
5,1,0.21667755,0
5,0,0.21902493,0
5,0,0.23234767,0
5,0,0.2677981,0
5,0,0.29045784,0
5,0,0.30470577,0
5,0,0.26417562,0
5,0,0.22525424,0
5,0,0.26417562,0
5,0,0.3021545,0
5,0,0.29975057,0
5,0,0.29975057,0
5,0,0.3365624,0
5,0,0.26938108,0
5,0,0.2352987,0
5,0,0.2598353,0
5,0,0.17424645,0
5,0,0.16094224,0
5,0,0.12517709,0
5,0,0.11555274,0
5,0,0.12588991,0
5,0,0.12630393,0
5,0,0.16673131,0
5,0,0.18822654,0
5,0,0.18215528,0
5,0,0.21371299,0
5,0,0.24509664,0
5,0,0.30614153,0
5,0,0.32247633,0
5,0,0.33992422,0
5,0,0.33941308,0
5,1,0.3914076,0
5,1,0.41103464,0
5,1,0.48622498,0
5,1,0.5269282,1
5,1,0.56702805,1
5,1,0.52347404,1
5,1,0.48641333,0
5,1,0.43923536,0
5,1,0.4262441,0
5,1,0.40594256,0
5,1,0.406022,0
5,1,0.38474393,0
5,1,0.38474393,0
5,1,0.36469433,0
5,1,0.36563334,0
5,1,0.31420997,0
5,1,0.2550799,0
5,1,0.23784368,0
5,1,0.2089417,0
5,1,0.19610776,0
5,0,0.23858844,0
5,0,0.22201444,0
5,0,0.22881843,0
5,0,0.23858844,0
5,0,0.25500718,0
5,0,0.25452164,0
5,0,0.28602335,0
5,0,0.28602335,0
5,0,0.24569584,0
5,0,0.26179627,0
5,0,0.40902135,0
5,0,0.37804508,0
5,0,0.40780312,0
5,0,0.4137071,0
5,0,0.485358,0
5,0,0.46644902,0
5,0,0.49700317,0
5,0,0.50749284,1
5,0,0.52429914,1
5,0,0.49808496,0
5,0,0.31786528,0
5,0,0.31495374,0
5,0,0.28426984,0
5,0,0.2660398,0
5,0,0.22672051,0
5,0,0.1976546,0
5,0,0.23027556,0
5,0,0.2595166,0
5,0,0.29274908,0
5,0,0.32421958,0
5,0,0.2937235,0
5,0,0.33069605,0
5,0,0.28206956,0
5,0,0.2638859,0
5,0,0.25262165,0
5,0,0.2864162,0
5,0,0.3343603,0
5,0,0.35759774,0
5,0,0.3702049,0
5,0,0.44335535,0
5,0,0.44898796,0
5,0,0.42870268,0
5,0,0.40324205,0
5,0,0.37905324,0
5,0,0.3195223,0
5,1,0.31376153,0
5,1,0.30335793,0
5,1,0.32122046,0
5,1,0.33799592,0
5,1,0.2849437,0
5,1,0.2517041,0
5,1,0.2517041,0
5,1,0.19807778,0
5,1,0.21043202,0
5,1,0.18901703,0
5,1,0.2040116,0
5,1,0.18901703,0
5,1,0.15866706,0
5,1,0.17196037,0
5,1,0.16484198,0
5,0,0.14272813,0
5,0,0.13678415,0
5,0,0.115250014,0
5,0,0.09958576,0
5,0,0.11579033,0
5,0,0.11801888,0
5,0,0.12218915,0
5,0,0.17417306,0
5,0,0.18851733,0
5,0,0.19635674,0
5,0,0.213161,0
5,0,0.26339743,0
5,0,0.29481953,0
5,0,0.3125703,0
5,0,0.35103053,0
5,0,0.3452584,0
5,0,0.32535467,0
5,0,0.3898085,0
5,0,0.40017536,0
5,0,0.45510918,0
5,0,0.5036226,1
5,0,0.46787873,0
5,0,0.43223405,0
5,0,0.45392707,0
5,0,0.45280933,0
5,1,0.4175496,0
5,1,0.4175496,0
5,1,0.4175496,0
5,1,0.41571373,0
5,1,0.40592837,0
5,1,0.4244359,0
5,1,0.47837728,0
5,1,0.42489356,0
5,1,0.3926038,0
5,1,0.33869573,0
5,1,0.32084674,0
5,1,0.31966463,0
5,1,0.31797555,0
5,1,0.34916356,0
5,1,0.34916356,0
5,1,0.38271263,0
5,1,0.36162537,0
5,1,0.36257142,0
5,1,0.33613265,0
5,1,0.3450784,0
5,0,0.3887495,0
5,0,0.3598814,0
5,0,0.38794145,0
5,0,0.45665386,0
5,0,0.49782616,0
5,0,0.49782616,0
5,0,0.45538405,0
5,0,0.4369853,0
5,0,0.42085785,0
5,0,0.43925953,0
5,0,0.370044,0
5,0,0.3170675,0
5,0,0.29697904,0
5,0,0.33112082,0
5,0,0.30163202,0
5,0,0.29385665,0
5,0,0.2808324,0
5,0,0.2808324,0
5,0,0.25340474,0
5,0,0.19313116,0
5,0,0.48405492,0
5,0,0.43597287,0
5,0,0.38708052,0
5,0,0.47841388,0
5,0,0.45577568,0
5,0,0.44686764,0
5,0,0.34537792,0
5,0,0.3306078,0
5,0,0.33729497,0
5,0,0.26650223,0
5,0,0.2966006,0
5,0,0.3466309,0
5,0,0.41002902,0
5,0,0.3461847,0
5,0,0.30276147,0
5,0,0.3285803,0
5,0,0.3178961,0
5,0,0.33671236,0
5,0,0.32304254,0
5,0,0.30019593,0
5,1,0.30019593,0
5,1,0.36405295,0
5,1,0.38528335,0
5,1,0.38528335,0
5,1,0.45372894,0
5,1,0.37273458,0
5,1,0.37273458,0
5,1,0.32645464,0
5,1,0.3810132,0
5,1,0.39060333,0
5,0,0.337355,0
5,0,0.32909378,0
5,0,0.34636387,0
5,0,0.27055097,0
5,0,0.28986132,0
5,0,0.35126686,0
5,0,0.35126686,0
5,0,0.28307334,0
5,0,0.31663653,0
5,0,0.29937565,0
5,0,0.2764997,0
5,0,0.29426348,0
5,0,0.29592225,0
5,0,0.28023243,0
5,0,0.28023243,0
5,0,0.28695732,0
5,0,0.34272718,0
5,0,0.3315661,0
5,0,0.3925819,0
5,0,0.3972079,0
5,0,0.40078607,0
5,0,0.40078607,0
5,0,0.4087995,0
5,0,0.33206877,0
5,0,0.33748257,0
5,0,0.34624192,0
5,0,0.32249147,0
5,0,0.3200166,0
5,0,0.29493687,0
5,0,0.29493687,0
5,0,0.3170614,0
5,0,0.3018477,0
5,0,0.3018477,0
5,0,0.30191308,0
5,0,0.31535053,0
5,0,0.3310333,0
5,0,0.27128994,0
5,0,0.26503742,0
5,0,0.3231105,0
5,0,0.30190626,0
5,0,0.33928663,0
5,0,0.3374423,0
5,0,0.35637605,0
5,0,0.36113533,0
5,0,0.33327243,0
5,0,0.33327243,0
5,0,0.2935122,0
5,0,0.2516349,0
5,0,0.2516349,0
5,0,0.23841251,0
5,0,0.20975159,0
5,0,0.2484344,0
5,0,0.31138456,0
5,0,0.33679873,0
5,0,0.33765626,0
5,0,0.2931914,0
5,0,0.31233132,0
5,0,0.31218606,0
5,0,0.295422,0
5,0,0.26826605,0
5,0,0.26267806,0
5,0,0.29639918,0
5,0,0.33860263,0
5,0,0.32558632,0
5,0,0.31169245,0
5,0,0.33458483,0
5,0,0.32544342,0
5,0,0.26867107,0
5,0,0.19564606,0
5,0,0.18542144,0
5,0,0.24423215,0
5,0,0.18214671,0
5,0,0.17837827,0
5,0,0.16795334,0
5,0,0.16424303,0
5,0,0.1493553,0
5,0,0.10732665,0
5,0,0.11988095,0
5,0,0.12620151,0
5,0,0.10860667,0
5,0,0.11006824,0
5,0,0.11006824,0
5,0,0.1057466,0
5,0,0.1057466,0
5,0,0.12626384,0
5,0,0.14267372,0
5,0,0.17754816,0
5,0,0.17754816,0
5,0,0.19982153,0
5,0,0.2197819,0
5,1,0.20960298,0
5,1,0.236848,0
5,1,0.19872645,0
5,1,0.16872323,0
5,1,0.16872323,0
5,1,0.21160707,0
5,1,0.24353673,0
5,1,0.25839302,0
5,1,0.27591464,0
5,1,0.29424033,0
5,1,0.29954514,0
5,1,0.28276026,0
5,1,0.27459496,0
5,1,0.2913187,0
5,1,0.28972635,0
5,1,0.27868915,0
5,1,0.27868915,0
5,1,0.35547385,0
5,1,0.35547385,0
5,1,0.34760067,0
5,1,0.32904017,0
5,1,0.34633544,0
5,1,0.36714965,0
5,1,0.448499,0
5,1,0.42476183,0
5,1,0.43920985,0
5,1,0.45923284,0
5,1,0.41762024,0
5,1,0.4215344,0
5,1,0.3712128,0
5,0,0.4128264,0
5,0,0.4139687,0
5,0,0.3691084,0
5,0,0.3919735,0
5,0,0.4335184,0
5,0,0.27141967,0
5,0,0.25335437,0
5,0,0.30264494,0
5,0,0.30264494,0
5,0,0.34056756,0
5,0,0.34056756,0
5,0,0.3225886,0
5,0,0.35034302,0
5,0,0.34064218,0
5,0,0.28571525,0
5,0,0.33304656,0
5,0,0.3801599,0
5,0,0.30422506,0
5,0,0.3106497,0
5,0,0.28487894,0
5,0,0.27048486,0
5,0,0.30802414,0
5,0,0.31305405,0
5,0,0.29224172,0
5,0,0.29306826,0
5,1,0.35866445,0
5,1,0.36190066,0
5,1,0.33178884,0
5,1,0.37509406,0
5,1,0.41520065,0
5,1,0.38475496,0
5,1,0.43862537,0
5,1,0.45692468,0
5,1,0.4463909,0
5,1,0.47503814,0
5,1,0.50986016,1
5,1,0.5642118,1
5,1,0.5407473,1
5,1,0.56464666,1
5,1,0.5818942,1
5,1,0.5300727,1
5,1,0.56924236,1
5,0,0.5058856,1
5,0,0.42666477,0
5,0,0.3904052,0
5,0,0.33107072,0
5,0,0.26153287,0
5,0,0.25872856,0
5,0,0.29027876,0
5,0,0.26246503,0
5,0,0.19048986,0
5,0,0.16553591,0
5,0,0.17442985,0
5,0,0.16100082,0
5,0,0.1314543,0
5,1,0.17763212,0
5,1,0.15376036,0
5,1,0.21274646,0
5,1,0.24266271,0
5,1,0.26750505,0
5,1,0.32816023,0
5,1,0.38838658,0
5,1,0.45270875,0
5,1,0.38479164,0
5,1,0.43910772,0
5,1,0.4811071,0
5,1,0.4811071,0
5,1,0.4848171,0
5,1,0.44118965,0
5,1,0.4632118,0
5,1,0.42932183,0
5,1,0.42843214,0
5,1,0.42843214,0
5,1,0.4872373,0
5,1,0.51604295,1
5,0,0.51866335,1
5,0,0.47714576,0
5,0,0.4948195,0
5,0,0.5579906,1
5,0,0.5049575,1
5,0,0.51456094,1
5,0,0.4426805,0
5,0,0.46126506,0
5,0,0.51329833,1
5,0,0.5142097,1
5,0,0.44250894,0
5,0,0.4666043,0
5,0,0.4666043,0
5,1,0.40354368,0
5,1,0.4150779,0
5,1,0.4113634,0
5,1,0.4315917,0
5,1,0.39623427,0
5,1,0.37728798,0
5,1,0.35370466,0
5,1,0.31530115,0
5,1,0.38038358,0
5,1,0.33529356,0
5,1,0.29038233,0
5,1,0.25577733,0
5,1,0.29905525,0
5,1,0.26182616,0
5,1,0.23551928,0
5,1,0.24263386,0
5,1,0.18330097,0
5,1,0.17022716,0
5,1,0.19405843,0
5,1,0.16383795,0
5,0,0.14174773,0
5,0,0.1883715,0
5,0,0.22461323,0
5,0,0.22502571,0
5,0,0.2617073,0
5,0,0.31728503,0
5,0,0.34967205,0
5,0,0.3478607,0
5,0,0.34207204,0
5,0,0.32689208,0
5,0,0.37461382,0
5,0,0.4597276,0
5,0,0.41115087,0
5,0,0.1910228,0
5,0,0.24428739,0
5,0,0.24181621,0
5,0,0.19383371,0
5,0,0.16958068,0
5,0,0.22237661,0
5,0,0.24160857,0
5,0,0.22449642,0
5,0,0.17575759,0
5,0,0.20368397,0
5,0,0.23211998,0
5,0,0.23873906,0
5,0,0.24523127,0
5,0,0.20715702,0
5,0,0.236551,0
5,0,0.236551,0
5,0,0.218306,0
5,0,0.21210793,0
5,0,0.24633251,0
5,0,0.26267505,0
5,0,0.22074585,0
5,0,0.25706112,0
5,0,0.2755378,0
5,0,0.319382,0
5,0,0.319382,0
5,1,0.2669434,0
5,1,0.33453697,0
5,1,0.3539033,0
5,1,0.37458706,0
5,1,0.35333964,0
5,1,0.38088197,0
5,1,0.3799537,0
5,1,0.38987535,0
5,1,0.4332732,0
5,1,0.37191212,0
5,1,0.39076063,0
5,1,0.39032218,0
5,1,0.44499964,0
5,1,0.46334395,0
5,1,0.46334395,0
5,0,0.48254812,0
5,0,0.4449909,0
5,0,0.3747947,0
5,0,0.33096796,0
5,0,0.30644417,0
5,0,0.30644417,0
5,0,0.30644417,0
5,0,0.3080966,0
5,0,0.27426726,0
5,0,0.28951928,0
5,0,0.28982693,0
5,0,0.31787142,0
5,0,0.2858613,0
5,0,0.250196,0
5,0,0.26250207,0
5,1,0.25834844,0
5,1,0.24041216,0
5,1,0.29683968,0
5,1,0.31949398,0
5,1,0.38949704,0
5,1,0.38015953,0
5,1,0.4016179,0
5,1,0.37580264,0
5,1,0.39731377,0
5,1,0.44912586,0
5,1,0.44704112,0
5,1,0.40057108,0
5,1,0.39113843,0
5,1,0.45789328,0
5,1,0.3998398,0
